,城区,位置,房型,面积,朝向,装修,楼层,时间,地标,单价,总价,PerPrice
0,东城区,华龙美晟 ,2室1厅,80.23,东,精装,高楼层(共12层),2009年,永定门,76655,615.0,7.665461797332668
1,东城区,柏林寺西 ,2室1厅,58.45,南,简装,中楼层(共16层),1994年,和平里,109496,640.0,10.949529512403764
2,东城区,南水关 ,2室1厅,62.05,南北,简装,中楼层(共14层),1989年,广渠门,91862,570.0,9.186140209508462
3,东城区,华龙美晟 ,2室1厅,81.38,西北,简装,中楼层(共12层),2009年,永定门,74957,610.0,7.495699188989924
4,东城区,新景家园东区 ,1室1厅,56.16,南,简装,低楼层(共13层),2006年,崇文门,126425,710.0,12.642450142450143
5,东城区,安化北里 ,2室1厅,69.66,南,精装,低楼层(共17层),1989年,广渠门,83262,580.0,8.326155612977319
6,东城区,东花市北里中区 ,3室1厅,72.74,南北,简装,高楼层(共6层),1994年,东花市,101183,736.0,10.118229309870774
7,东城区,北京上舍 ,3室1厅,133.06,西南,精装,高楼层(共15层),2008年,广渠门,99955,1330.0,9.995490756049902
8,东城区,金鱼池西区 ,1室0厅,45.97,东,精装,地下室(共7层),2000年,天坛,62650,288.0,6.26495540569937
9,东城区,本家润园三期 ,2室1厅,77.71,南北,简装,低楼层(共18层),2005年,东花市,90079,700.0,9.007849697593619
10,东城区,永康胡同1号院 ,3室1厅,85.07,东西,简装,中楼层(共7层),2002年,安定门,108147,920.0,10.814623251439992
11,东城区,东环居苑 ,1室1厅,60.57,南,精装,高楼层(共22层),2004年,广渠门,89979,545.0,8.997853722965164
12,东城区,鼎盛园 ,1室1厅,64.32,南,简装,低楼层(共11层),2005年,永定门,74627,480.0,7.46268656716418
13,东城区,富贵园三区 ,2室1厅,77.01,东南,精装,高楼层(共12层),2002年,东花市,102585,790.0,10.258407998961173
14,东城区,小羊宜宾胡同 ,3室1厅,78.89,南北,简装,中楼层(共16层),1992年,建国门内,106224,838.0,10.622385600202813
15,东城区,十字坡西里 ,1室1厅,37.83,南,精装,中楼层(共5层),1983年,东直门,120275,455.0,12.027491408934708
16,东城区,富贵园一区 ,2室1厅,88.43,南北,精装,中楼层(共12层),2004年,东花市,128916,1140.0,12.891552640506614
17,东城区,革新里小区 ,2室1厅,57.88,南北,简装,高楼层(共6层),1993年,永定门,73428,425.0,7.34277816171389
18,东城区,交林 ,2室1厅,59.85,南北,精装,顶层(共6层),1985年,和平里,92899,556.0,9.289891395154553
19,东城区,新景家园西区 ,1室1厅,58.45,南,精装,中楼层(共16层),2004年,崇文门,105903,619.0,10.590248075278016
20,东城区,龙潭北里八条 ,2室1厅,60.78,南,简装,中楼层(共5层),1963年,左安门,89997,547.0,8.999670944389601
21,东城区,大方家胡同 ,1室1厅,51.09,南北,简装,高楼层(共6层),2003年,朝阳门内,114504,585.0,11.450381679389313
22,东城区,左安浦园 ,1室1厅,60.8,东南,简装,底层(共16层),2004年,左安门,77303,470.0,7.730263157894737
23,东城区,聚龙花园 ,3室1厅,174.02,东,简装,低楼层(共14层),1995年,工体,57350,998.0,5.734972991610159
24,东城区,朝内大街136号院 ,3室1厅,87.37,西北,简装,高楼层(共16层),1999年,朝阳门内,109878,960.0,10.9877532333753
25,东城区,新景家园西区 ,2室1厅,70.7,南北,精装,中楼层(共6层),2004年,崇文门,106083,750.0,10.608203677510607
26,东城区,六铺炕 ,2室1厅,57.54,东西,精装,中楼层(共6层),1980年,安定门,101843,586.0,10.184219673270768
27,东城区,东方银座 ,1室1厅,57.78,西,简装,高楼层(共25层),2003年,东直门,88266,510.0,8.826583592938732
28,东城区,新景家园东区 ,2室1厅,81.0,东西,精装,底层(共17层),2004年,崇文门,90741,735.0,9.074074074074074
29,东城区,景泰西里西区 ,1室1厅,49.83,南,简装,底层(共10层),2003年,永定门,79671,397.0,7.967088099538431
30,东城区,景泰西里65号院 ,2室1厅,61.47,南北,简装,中楼层(共6层),1985年,永定门,75810,466.0,7.580933788840085
31,东城区,幸福家园二期 ,2室1厅,65.48,北,简装,低楼层(共13层),2003年,广渠门,104613,685.0,10.461209529627366
32,东城区,华龙美晟 ,2室1厅,80.07,西,精装,高楼层(共12层),2009年,永定门,75559,605.0,7.555888597477208
33,东城区,民安小区东直门内北小街 ,2室1厅,74.56,东西,简装,底层(共16层),2003年,东直门,92543,690.0,9.254291845493562
34,东城区,水上华城 ,3室2厅,164.68,东西,精装,低楼层(共20层),2004年,广渠门,81978,1350.0,8.197716784066067
35,东城区,海运仓南里一区 ,2室1厅,73.66,南北,精装,中楼层(共7层),1998年,东直门,104535,770.0,10.45343469997285
36,东城区,和平里四区 ,3室1厅,56.44,南北,精装,顶层(共6层),1985年,和平里,109852,620.0,10.985116938341601
37,东城区,冠城名敦道 ,1室1厅,61.7,西北,精装,中楼层(共23层),2009年,广渠门,82659,510.0,8.26580226904376
38,东城区,新景家园东区 ,3室1厅,88.45,东西,简装,底层(共18层),2005年,崇文门,100622,890.0,10.062182023742228
39,东城区,民安小区东直门北中街 ,2室1厅,60.2,东西,简装,低楼层(共6层),1988年,东直门,101329,610.0,10.132890365448505
40,东城区,交道口东大街 ,2室1厅,74.39,东西,精装,低楼层(共11层),2002年,交道口,127706,950.0,12.770533673880898
41,东城区,华龙美晟 ,1室1厅,58.58,西南,精装,中楼层(共12层),2009年,永定门,75965,445.0,7.5964493001024245
42,东城区,南竹杆胡同 ,3室1厅,69.35,南北,精装,底层(共6层),2003年,朝阳门内,122567,850.0,12.256669069935112
43,东城区,东花市北里东区 ,2室1厅,77.61,南北,精装,中楼层(共6层),1992年,东花市,104368,810.0,10.436799381523
44,东城区,海运仓小区 ,2室1厅,66.35,南北,精装,中楼层(共7层),2003年,东直门,114545,760.0,11.45440844009043
45,东城区,和平里七区 ,2室1厅,53.25,南北,简装,中楼层(共5层),1989年,和平里,106855,569.0,10.685446009389672
46,东城区,北官厅胡同 ,1室1厅,45.94,南,精装,中楼层(共6层),1993年,东直门,119722,550.0,11.972137570744449
47,东城区,民旺园 ,2室1厅,56.2,南,简装,中楼层(共6层),1986年,和平里,110143,619.0,11.014234875444838
48,东城区,国瑞城中区 ,3室1厅,102.46,南北,简装,低楼层(共16层),2006年,崇文门,98576,1010.0,9.857505367948468
49,东城区,金世纪嘉园 ,2室2厅,105.97,东南北,精装,低楼层(共18层),2003年,广渠门,83043,880.0,8.304237048221195
50,东城区,冠城名敦道 ,2室1厅,85.03,东北,精装,低楼层(共23层),2009年,广渠门,73857,628.0,7.385628601669999
51,东城区,海运仓小区 ,3室1厅,88.78,东南西,精装,中楼层(共7层),2003年,东直门,109259,970.0,10.92588420815499
52,东城区,小黄庄一区 ,3室1厅,89.56,东西,简装,高楼层(共21层),1990年,安贞,91336,818.0,9.133541759714157
53,东城区,新景家园西区 ,2室1厅,79.74,东西,精装,中楼层(共14层),2004年,崇文门,96314,768.0,9.63130173062453
54,东城区,仓南胡同12号院 ,2室1厅,61.38,南北,简装,中楼层(共6层),1990年,朝阳门内,113230,695.0,11.322906484196807
55,东城区,胡家园小区 ,2室1厅,58.38,西北,精装,低楼层(共6层),1985年,东直门,86503,505.0,8.650222678999658
56,东城区,花市枣苑一期 ,3室2厅,151.98,西南,精装,低楼层(共18层),2003年,东花市,100014,1520.0,10.001315962626663
57,东城区,和平里七区 ,3室1厅,98.99,南北,简装,顶层(共3层),1979年,和平里,95970,950.0,9.596928982725528
58,东城区,后芳嘉园胡同 ,1室1厅,50.42,南,简装,中楼层(共6层),2002年,朝阳门内,119001,600.0,11.90003966679889
59,西城区,六铺炕一区 ,2室1厅,47.7,东南西,精装,底层(共5层),1975年,六铺炕,157233,750.0,15.723270440251572
60,西城区,裕中东里 ,2室1厅,60.7,南北,精装,中楼层(共6层),1985年,马甸,131631,799.0,13.16309719934102
61,西城区,红居南街6号院 ,1室1厅,41.24,南,简装,中楼层(共6层),1986年,广安门,99419,410.0,9.94180407371484
62,西城区,天宁寺东里 ,1室1厅,35.73,东,简装,中楼层(共5层),1983年,天宁寺,106354,380.0,10.635320458998041
63,西城区,真武庙六里 ,3室1厅,83.0,西南,简装,底层(共18层),1988年,木樨地,106025,880.0,10.602409638554217
64,西城区,莲花池东路甲5号院 ,1室1厅,53.8,南,简装,高楼层(共6层),1991年,木樨地,123792,666.0,12.37918215613383
65,西城区,裕中西里 ,1室1厅,51.7,东,精装,顶层(共20层),1990年,马甸,144101,745.0,14.410058027079303
66,西城区,教场口9号院 ,2室1厅,69.57,南西南北,简装,高楼层(共20层),2003年,六铺炕,120742,840.0,12.074169900819319
67,西城区,汽南小区 ,2室1厅,90.8,东南,简装,中楼层(共14层),1996年,木樨地,121146,1100.0,12.114537444933921
68,西城区,龙爪槐胡同 ,2室1厅,67.36,南北,精装,中楼层(共5层),1998年,陶然亭,109858,740.0,10.985748218527316
69,西城区,东经路19号院 ,1室1厅,37.02,东,精装,中楼层(共6层),1985年,陶然亭,140465,520.0,14.046461372231224
70,西城区,外交学院 ,3房间1卫,51.95,南,精装,中楼层(共6层),1988年,阜成门,132436,688.0,13.243503368623676
71,西城区,广安门内大街 ,3室1厅,84.26,南北,简装,低楼层(共15层),1985年,牛街,91384,770.0,9.138381201044385
72,西城区,红莲南里 ,3室1厅,65.13,南北,简装,底层(共6层),1987年,马连道,87518,570.0,8.751727314601567
73,西城区,德外大街乙12号院 ,1室1厅,43.2,南,精装,中楼层(共6层),1983年,六铺炕,151621,655.0,15.162037037037036
74,西城区,白广路6号院 ,2室1厅,57.1,东,精装,中楼层(共6层),1980年,牛街,90193,515.0,9.019264448336251
75,西城区,真武庙 ,2室1厅,47.53,南北,精装,底层(共6层),1976年,木樨地,153588,730.0,15.358720807910792
76,西城区,桦皮厂胡同 ,2室1厅,45.3,东南北,简装,中楼层(共5层),1981年,西直门,123621,560.0,12.362030905077264
77,西城区,北广家园 ,1室1厅,56.77,东南,简装,底层(共17层),2005年,六铺炕,134755,765.0,13.475427162233574
78,西城区,阜成门外北街 ,2室1厅,63.3,南,精装,高楼层(共18层),1991年,阜成门,115324,730.0,11.532385466034755
79,西城区,裕中西里 ,1室1厅,51.5,南,精装,低楼层(共24层),1991年,马甸,147573,760.0,14.757281553398059
80,西城区,荣丰2008 ,1室0厅,25.84,南北,精装,高楼层(共26层),2006年,广安门,139706,361.0,13.970588235294118
81,西城区,宣武门西大街 ,2室1厅,50.65,南,简装,底层(共12层),1979年,金融街,106615,540.0,10.661401776900297
82,西城区,红山世家 ,2室1厅,92.02,东西,精装,中楼层(共26层),2011年,广安门,104869,965.0,10.486850684633776
83,西城区,安德路 ,2室1厅,58.8,南北,精装,底层(共6层),1993年,六铺炕,139116,818.0,13.91156462585034
84,西城区,北欧印象 ,1室1厅,46.1,西,精装,高楼层(共25层),2003年,马连道,92191,425.0,9.219088937093275
85,西城区,双旗杆东里 ,2室1厅,58.7,西南,简装,中楼层(共6层),1984年,马甸,132709,779.0,13.270868824531515
86,西城区,信建里小区 ,1室1厅,45.87,南,简装,高楼层(共6层),1985年,右安门内,113364,520.0,11.336385437104862
87,西城区,塔院胡同12号院 ,3室1厅,77.4,南北,简装,顶层(共6层),1992年,六铺炕,109820,850.0,10.981912144702841
88,西城区,小市口胡同3号院 ,1室1厅,43.7,南,精装,中楼层(共6层),1992年,六铺炕,155607,680.0,15.560640732265446
89,西城区,教子胡同 ,2室1厅,57.89,南北,精装,中楼层(共6层),1980年,牛街,90690,525.0,9.068923821039903
90,西城区,平原里小区 ,2室1厅,63.19,南北,精装,底层(共6层),1998年,牛街,100491,635.0,10.049058395315715
91,西城区,北露园 ,1室1厅,40.3,东,简装,高楼层(共6层),1993年,阜成门,129033,520.0,12.903225806451614
92,西城区,槐柏树街 ,2室1厅,58.59,东南,简装,高楼层(共15层),1986年,长椿街,110941,650.0,11.094043352107867
93,西城区,常青藤嘉园 ,1室1厅,62.71,南,精装,中楼层(共16层),2004年,马连道,90895,570.0,9.089459416361027
94,西城区,裕中西里 ,3室1厅,78.7,东南,精装,高楼层(共20层),1989年,马甸,129988,1023.0,12.998729351969503
95,西城区,二龙路 ,2室1厅,65.3,西北,精装,低楼层(共17层),1990年,金融街,159725,1043.0,15.972434915773354
96,西城区,三里河一区 ,2室1厅,57.8,南北,简装,中楼层(共6层),1989年,月坛,138409,800.0,13.84083044982699
97,西城区,前半壁街35号院 ,1室1厅,39.4,南,简装,中楼层(共13层),1986年,官园,139594,550.0,13.959390862944163
98,西城区,太仆寺33号院 ,3室1厅,82.0,东西,简装,低楼层(共7层),2001年,西单,142074,1165.0,14.207317073170731
99,西城区,白广路6号院 ,3室1厅,85.11,南北,毛坯,高楼层(共6层),1994年,牛街,89297,760.0,8.929620491129127
100,西城区,裕中东里 ,3室1厅,77.8,东南北,简装,中楼层(共6层),1986年,马甸,134833,1049.0,13.483290488431876
101,西城区,新明胡同 ,2室1厅,57.9,南北,精装,中楼层(共6层),1989年,马甸,134716,780.0,13.471502590673575
102,西城区,新安中里 ,1室1厅,55.58,东北,简装,中楼层(共7层),2004年,右安门内,97158,540.0,9.715725080964376
103,西城区,北营房西里 ,3室1厅,77.4,南北,简装,底层(共6层),1988年,阜成门,103360,800.0,10.335917312661499
104,西城区,裕中西里 ,3室1厅,89.3,南北,简装,中楼层(共20层),1997年,马甸,133259,1190.0,13.325867861142218
105,西城区,马连道中里 ,2室1厅,59.35,南北,精装,中楼层(共6层),1997年,马连道,100253,595.0,10.025273799494524
106,西城区,小红庙南里 ,2室1厅,64.56,东,简装,低楼层(共18层),1988年,广安门,85193,550.0,8.519206939281288
107,西城区,凯迪尚府 ,3室2厅,148.79,南北,简装,14层,2010年,牛街,107467,1599.0,10.746689965723503
108,西城区,新街口西里一区 ,2室1厅,70.54,南北,精装,中楼层(共6层),2004年,新街口,118373,835.0,11.837255457896228
109,西城区,什坊街2号院 ,2室1厅,83.2,东南,简装,中楼层(共21层),1999年,六铺炕,138222,1150.0,13.822115384615385
110,西城区,红土店南里 ,2室1厅,68.17,南北,精装,底层(共6层),1997年,陶然亭,109726,748.0,10.972568578553616
111,西城区,玉桃园三区 ,2室1厅,57.1,南北,精装,中楼层(共5层),1990年,西直门,118740,678.0,11.873905429071803
112,西城区,南礼士路三条北里 ,1室1厅,42.5,南,简装,高楼层(共6层),1985年,月坛,133648,568.0,13.364705882352942
113,西城区,信建里小区 ,2室1厅,82.25,南北,简装,中楼层(共6层),2000年,右安门内,104560,860.0,10.455927051671733
114,西城区,远见名苑 ,1室0厅,48.96,北,精装,中楼层(共24层),2004年,广安门,92934,455.0,9.293300653594772
115,西城区,新壁街 ,2室1厅,69.9,南北,简装,中楼层(共6层),2004年,西单,120887,845.0,12.088698140200286
116,西城区,白菜湾四巷17号院 ,2室1厅,53.87,南北,简装,中楼层(共6层),1988年,天宁寺,111194,599.0,11.119361425654354
117,西城区,荣丰2008 ,1室1厅,31.62,南,简装,顶层(共12层),2005年,广安门,137572,435.0,13.757115749525616
118,西城区,裕中西里 ,2室1厅,63.3,南西,精装,高楼层(共24层),1991年,马甸,139969,886.0,13.996840442338073
119,朝阳区,武圣东里 ,2室1厅,60.1,南北,简装,中楼层(共6层),1987年,劲松,54909,330.0,5.490848585690515
120,朝阳区,安贞西里 ,3室1厅,69.48,南北,精装,低楼层(共16层),1986年,安贞,90674,630.0,9.067357512953368
121,朝阳区,磨房北里 ,2室1厅,57.54,东西北,精装,高楼层(共18层),1989年,北工大,64304,370.0,6.430309350017379
122,朝阳区,育慧里二区 ,2室1厅,54.83,南北,简装,中楼层(共6层),1991年,亚运村小营,82984,455.0,8.29837680102134
123,朝阳区,双兴小区 ,2室1厅,74.15,西南,简装,底层(共18层),1999年,四惠,49764,369.0,4.976399190829399
124,朝阳区,润泽公馆 ,3室2厅,141.99,南北,精装,中楼层(共24层),2014年,北苑,82401,1170.0,8.240016902598773
125,朝阳区,保利金泉 ,1室1厅,72.46,北,精装,中楼层(共30层),2008年,亚运村,79769,578.0,7.976814794369308
126,朝阳区,安华里社区 ,1室1厅,34.02,东南,简装,底层(共6层),1989年,安贞,92593,315.0,9.259259259259258
127,朝阳区,慧忠北里 ,1室1厅,63.87,西,简装,高楼层(共25层),1998年,亚运村,68108,435.0,6.8107092531705025
128,朝阳区,百环家园 ,2室1厅,111.74,西北,精装,中楼层(共28层),2005年,双井,58171,650.0,5.817075353499195
129,朝阳区,中环南路11号院 ,1室1厅,51.01,南北,简装,中楼层(共6层),1991年,望京,65674,335.0,6.567339737306411
130,朝阳区,力鸿花园 ,2室2厅,91.66,西,精装,低楼层(共24层),1997年,国展,77461,710.0,7.746017892210343
131,朝阳区,国美第一城2号院 ,3室2厅,117.77,西南,精装,低楼层(共27层),2006年,朝青,53070,625.0,5.306954232826696
132,朝阳区,华纺易城 ,1室1厅,64.74,西,精装,中楼层(共12层),2006年,朝青,76460,495.0,7.645968489341984
133,朝阳区,国美第一城2号院 ,3室2厅,138.5,南北,精装,低楼层(共27层),2006年,朝青,61011,845.0,6.101083032490974
134,朝阳区,珠江绿洲 ,2室1厅,97.38,东南,简装,中楼层(共31层),2006年,双桥,51243,499.0,5.124255493941261
135,朝阳区,东一时区 ,2室1厅,85.69,南北,精装,高楼层(共6层),2006年,双桥,50765,435.0,5.076438324191854
136,朝阳区,东领鉴筑 ,2室1厅,86.8,南北,精装,中楼层(共21层),2005年,定福庄,51268,445.0,5.126728110599078
137,朝阳区,芍药居北里 ,2室1厅,79.02,东,简装,中楼层(共14层),1996年,芍药居,79727,630.0,7.972665148063782
138,朝阳区,安慧北里逸园 ,2室2厅,85.11,南北,简装,13层,2002年,亚运村,71907,612.0,7.190694395488192
139,朝阳区,UHN国际村 ,3室2厅,141.68,南北,精装,低楼层(共28层),2003年,三元桥,77640,1100.0,7.763975155279502
140,朝阳区,华腾园 ,3室2厅,115.1,东南,简装,高楼层(共28层),2000年,劲松,69505,800.0,6.950477845351868
141,朝阳区,翠成馨园 ,2室1厅,71.63,南,精装,中楼层(共20层),2011年,垡头,49561,355.0,4.956024012285356
142,朝阳区,弘善家园 ,1室1厅,53.71,南,精装,高楼层(共28层),2009年,潘家园,62372,335.0,6.237199776577918
143,朝阳区,十里堡东里 ,2室1厅,53.91,南北,简装,顶层(共5层),1985年,十里堡,54721,295.0,5.472083101465405
144,朝阳区,芍药居北里 ,3室1厅,119.62,东南西,精装,中楼层(共20层),2008年,芍药居,69387,830.0,6.938639023574653
145,朝阳区,柏林爱乐三期 ,1室1厅,68.59,南,简装,中楼层(共15层),2007年,常营,60942,418.0,6.094182825484764
146,朝阳区,百环家园 ,3室1厅,125.63,南,精装,中楼层(共27层),2005年,双井,59302,745.0,5.930112234338932
147,朝阳区,团结湖中路南二条 ,2室1厅,60.8,南北,简装,中楼层(共6层),1980年,团结湖,69079,420.0,6.907894736842105
148,朝阳区,CBD传奇 ,1室1厅,65.95,南北,精装,18层,2006年,大望路,80364,530.0,8.036391205458681
149,朝阳区,名苑雅居 ,2室1厅,88.65,南北,精装,高楼层(共14层),2005年,南沙滩,78737,698.0,7.873660462492949
150,朝阳区,惠中园 ,3室1厅,141.32,南西南,简装,高楼层(共24层),1999年,惠新西街,75008,1060.0,7.500707613925843
151,朝阳区,道家园 ,2室1厅,65.32,东南,精装,中楼层(共20层),1997年,甜水园,65065,425.0,6.506429883649725
152,朝阳区,六里屯北里 ,3室1厅,62.23,南北,简装,中楼层(共6层),1985年,甜水园,72313,450.0,7.231238952273824
153,朝阳区,金台里 ,2室1厅,61.32,南北,简装,中楼层(共6层),1984年,红庙,70940,435.0,7.0939334637964775
154,朝阳区,首开常青藤四期 ,3室1厅,92.83,南北,简装,中楼层(共9层),2013年,东坝,68405,635.0,6.840461057847679
155,朝阳区,南湖中园一区 ,3室2厅,120.29,南北,精装,高楼层(共7层),1999年,望京,55699,670.0,5.5698728073821595
156,朝阳区,10AM新坐标 ,1室0厅,41.19,西,简装,29层,2005年,方庄,64337,265.0,6.433600388443797
157,朝阳区,华龙美树 ,1室0厅,36.78,北,简装,中楼层(共19层),2005年,管庄,63894,235.0,6.389342033713975
158,朝阳区,香河园中里 ,2室1厅,61.65,东南西北,简装,中楼层(共6层),1984年,国展,64883,400.0,6.488240064882401
159,朝阳区,北纬40度二期 ,2室2厅,98.43,南北,精装,高楼层(共25层),2009年,望京,77213,760.0,7.72122320430763
160,朝阳区,后现代城A区 ,1室0厅,46.13,北,精装,顶层(共18层),2004年,大望路,67202,310.0,6.720138738348147
161,朝阳区,安慧里一区 ,3室1厅,68.21,南北,精装,顶层(共6层),1990年,亚运村,71544,488.0,7.154376191174316
162,朝阳区,南十里居 ,2室1厅,54.37,南北,简装,顶层(共6层),1990年,朝阳公园,57017,310.0,5.7016737171234135
163,朝阳区,农光南里 ,2室1厅,59.72,西南,精装,高楼层(共16层),1987年,劲松,62794,375.0,6.279303415941058
164,朝阳区,幸福二村 ,2室1厅,53.0,南北,毛坯,顶层(共5层),1981年,工体,75472,400.0,7.547169811320755
165,朝阳区,甘露园南里 ,2室1厅,47.41,东北,简装,中楼层(共16层),1995年,甘露园,60114,285.0,6.01139000210926
166,朝阳区,京棉新城 ,2室1厅,80.41,南北,简装,高楼层(共28层),2008年,十里堡,58451,470.0,5.84504414873772
167,朝阳区,炫特嘉园一期 ,1室0厅,47.04,南,简装,中楼层(共18层),2004年,石佛营,65902,310.0,6.590136054421769
168,朝阳区,华贸城 ,1室1厅,55.34,西南,精装,中楼层(共28层),2011年,北苑,67763,375.0,6.7762920130104805
169,朝阳区,北苑家园望春园 ,2室1厅,103.31,西南,精装,低楼层(共23层),2008年,北苑,54109,559.0,5.4108992353111995
170,朝阳区,嘉润花园 ,2室1厅,106.87,东南,精装,高楼层(共30层),2001年,望京,63629,680.0,6.362870777580238
171,朝阳区,翠成馨园 ,1室0厅,50.91,东,简装,中楼层(共16层),2006年,垡头,53035,270.0,5.303476723629935
172,朝阳区,首城国际B区 ,2室1厅,85.6,东南,精装,低楼层(共27层),2010年,双井,93225,798.0,9.322429906542057
173,朝阳区,花园闸小区 ,2室1厅,57.58,南北,简装,底层(共6层),1992年,定福庄,49497,285.0,4.949635290031261
174,朝阳区,南沙滩小区 ,2室1厅,60.5,南北,简装,低楼层(共6层),1984年,南沙滩,72067,436.0,7.206611570247934
175,朝阳区,管庄西里 ,2室1厅,63.98,南北,精装,高楼层(共6层),1986年,管庄,52361,335.0,5.2360112535167245
176,朝阳区,朝阳园 ,2室1厅,91.03,东,精装,中楼层(共31层),2003年,甘露园,65913,600.0,6.59123365923322
177,朝阳区,炫特嘉园一期 ,2室1厅,59.56,东北,精装,高楼层(共22层),2004年,石佛营,66824,398.0,6.682337139019476
178,朝阳区,世纪东方城 ,3室2厅,137.14,南北,简装,中楼层(共14层),2004年,欢乐谷,62346,855.0,6.234504885518449
179,海淀区,清华园 ,2室1厅,60.8,东南北,简装,高楼层(共6层),1979年,五道口,103619,630.0,10.361842105263158
180,海淀区,新中关公寓 ,1室0厅,62.6,南,精装,顶层(共18层),2006年,苏州桥,76678,480.0,7.667731629392971
181,海淀区,黄庄小区 ,3室1厅,78.8,南北,简装,中楼层(共5层),1981年,中关村,119924,945.0,11.99238578680203
182,海淀区,水清木华园 ,2室1厅,92.62,东,精装,低楼层(共18层),2000年,五道口,101490,940.0,10.148995897214425
183,海淀区,文慧园 ,2室1厅,62.1,南北,简装,中楼层(共6层),1998年,新街口,86796,539.0,8.679549114331722
184,海淀区,莱圳家园 ,1室0厅,32.48,西,精装,低楼层(共18层),2007年,清河,95444,310.0,9.544334975369459
185,海淀区,建材城东一里 ,2室1厅,59.91,南北,精装,中楼层(共7层),1996年,西三旗,60925,365.0,6.0924720413954265
186,海淀区,万寿路15号院 ,3室1厅,92.9,南北,简装,中楼层(共6层),1995年,万寿路,113025,1050.0,11.302475780409042
187,海淀区,竹园 ,2室1厅,63.29,南北,简装,低楼层(共6层),1996年,马连洼,77422,490.0,7.742139358508453
188,海淀区,稻香园 ,1室1厅,52.2,南,简装,中楼层(共20层),1992年,苏州桥,98660,515.0,9.865900383141762
189,海淀区,北无宿舍 ,3室1厅,67.65,南北,简装,低楼层(共6层),1985年,紫竹桥,99040,670.0,9.90391722099039
190,海淀区,翠微中里 ,2室1厅,56.5,南,简装,低楼层(共21层),1992年,公主坟,92921,525.0,9.29203539823009
191,海淀区,沁春家园 ,2室1厅,77.42,南北,简装,高楼层(共6层),2000年,西三旗,61354,475.0,6.135365538620511
192,海淀区,万泉庄小区 ,2室1厅,62.3,东西,精装,顶层(共6层),1991年,苏州桥,90691,565.0,9.069020866773677
193,海淀区,美丽西园 ,2室1厅,67.9,南北,精装,中楼层(共6层),1998年,四季青,81738,555.0,8.173784977908689
194,海淀区,冠城南园 ,3室2厅,134.26,西南西北,精装,中楼层(共23层),1998年,马甸,96828,1300.0,9.682705198867868
195,海淀区,逸成东苑 ,3室2厅,154.67,南北,精装,中楼层(共15层),2004年,学院路,87283,1350.0,8.72826016680675
196,海淀区,动物园宿舍 ,2室1厅,54.5,南北,简装,高楼层(共6层),1988年,白石桥,83487,455.0,8.34862385321101
197,海淀区,育新花园 ,2室1厅,63.1,东南,简装,高楼层(共18层),1996年,西三旗,78923,498.0,7.892234548335974
198,海淀区,金雅园 ,2室1厅,86.22,南,精装,高楼层(共10层),2003年,四季青,84668,730.0,8.46671305961494
199,海淀区,宝盛北里 ,2室2厅,86.85,南北,简装,顶层(共6层),2004年,清河,57341,498.0,5.734024179620035
200,海淀区,空间物理所小区 ,2室1厅,62.0,南北,精装,高楼层(共6层),1995年,中关村,112904,700.0,11.290322580645162
201,海淀区,八宝庄 ,2室1厅,51.4,南北,精装,底层(共6层),1990年,定慧寺,82880,426.0,8.287937743190662
202,海淀区,清河文苑 ,4室2厅,147.64,东南,精装,高楼层(共22层),2001年,清河,54864,810.0,5.486318070983474
203,海淀区,建材城西一里 ,2室1厅,50.6,南,简装,顶层(共5层),1990年,西三旗,62846,318.0,6.284584980237154
204,海淀区,建材城东二里 ,1室1厅,47.14,南,简装,低楼层(共6层),1998年,西三旗,65338,308.0,6.533729316928299
205,海淀区,定慧东里 ,2室1厅,58.3,东北,简装,底层(共16层),1987年,定慧寺,68611,400.0,6.86106346483705
206,海淀区,东王庄 ,2室1厅,60.1,南北,简装,中楼层(共6层),1995年,五道口,86523,520.0,8.6522462562396
207,海淀区,清缘东里 ,3室2厅,105.98,南北,精装,中楼层(共6层),2004年,清河,71712,760.0,7.171164370635969
208,海淀区,华鸿家园 ,2室2厅,96.1,南北,精装,中楼层(共6层),2008年,西三旗,58273,560.0,5.827263267429761
209,海淀区,三里河路5号院 ,1室1厅,44.42,东,简装,低楼层(共18层),1990年,甘家口,99055,440.0,9.905447996398019
210,海淀区,牛奶宿舍 ,2室1厅,62.6,南北,精装,中楼层(共6层),1991年,牡丹园,95847,600.0,9.584664536741213
211,海淀区,富力桃园B区 ,2室1厅,94.36,东西,精装,中楼层(共11层),2007年,西三旗,61361,579.0,6.136074607884697
212,海淀区,菊园 ,2室1厅,64.35,南北,精装,6层,1995年,马连洼,73816,475.0,7.381507381507382
213,海淀区,富力桃园C区 ,2室1厅,89.58,南北,精装,高楼层(共18层),2008年,西三旗,62514,560.0,6.251395400759098
214,海淀区,展春园 ,2室1厅,57.6,南北,简装,中楼层(共6层),1984年,五道口,84202,485.0,8.42013888888889
215,海淀区,万寿路1号院 ,3室1厅,87.89,南北,精装,底层(共6层),1996年,万寿路,92730,815.0,9.272954829901012
216,海淀区,乐府江南 ,3室2厅,135.44,南北,简装,中楼层(共9层),2003年,田村,88601,1200.0,8.860011813349084
217,海淀区,小南庄社区 ,1室1厅,54.31,南北,简装,中楼层(共6层),1995年,苏州桥,97588,530.0,9.758792119315043
218,海淀区,冶金大院 ,2室1厅,54.1,南北,精装,中楼层(共5层),1986年,皂君庙,88725,480.0,8.872458410351202
219,海淀区,学院南路66号院 ,2室1厅,65.6,南,简装,中楼层(共14层),1987年,白石桥,86891,570.0,8.689024390243903
220,海淀区,城华园 ,2室1厅,64.95,南北,精装,高楼层(共6层),1998年,学院路,86990,565.0,8.698999230177058
221,海淀区,清秀阁 ,2室1厅,89.4,南北,简装,中楼层(共5层),2005年,清河,75951,679.0,7.595078299776286
222,海淀区,时雨园 ,3室2厅,165.96,东南,精装,高楼层(共19层),2005年,世纪城,90986,1510.0,9.098577970595324
223,海淀区,东南小区 ,2室1厅,53.3,南北,精装,底层(共6层),1992年,中关村,134710,718.0,13.470919324577862
224,海淀区,科育小区 ,2室1厅,47.5,南北,精装,顶层(共5层),1976年,中关村,131579,625.0,13.157894736842104
225,海淀区,远大园五区 ,3室2厅,151.81,西南,精装,中楼层(共16层),2001年,世纪城,92221,1400.0,9.222053883143403
226,海淀区,曙光花园 ,2室2厅,113.13,东南,精装,高楼层(共17层),1999年,四季青,80439,910.0,8.04384336603907
227,海淀区,强佑清河新城 ,1室1厅,61.91,东,精装,顶层(共27层),2009年,清河,71879,445.0,7.187853335486998
228,海淀区,志强北园 ,3室0厅,56.9,南北,简装,中楼层(共5层),1980年,小西天,89280,508.0,8.927943760984183
229,海淀区,黄亭子小区 ,2室1厅,62.5,南,简装,低楼层(共18层),1990年,北太平庄,86080,538.0,8.608
230,海淀区,普惠南里 ,2室1厅,62.1,南,精装,低楼层(共16层),1986年,公主坟,86152,535.0,8.61513687600644
231,海淀区,富润家园 ,2室1厅,92.64,西,精装,低楼层(共27层),2003年,学院路,76641,710.0,7.664075993091537
232,海淀区,田村40号院 ,3室1厅,89.46,南西北,精装,低楼层(共6层),1999年,田村,74894,670.0,7.489380728817349
233,海淀区,远大园四区 ,2室2厅,58.61,东南,精装,高楼层(共16层),2000年,世纪城,131036,768.0,13.103565944378092
234,海淀区,稻香园 ,2室1厅,60.0,南北,简装,底层(共6层),1992年,苏州桥,98000,588.0,9.8
235,海淀区,西六砖瓦厂家属楼 ,2室1厅,57.2,南北,简装,中楼层(共5层),1985年,海淀北部新区,54196,310.0,5.419580419580419
236,海淀区,翠微路22号院 ,2室1厅,53.04,南北,简装,低楼层(共6层),1994年,公主坟,95777,508.0,9.577677224736048
237,海淀区,蓟门东里 ,3室1厅,77.9,西北,简装,低楼层(共16层),1986年,知春路,79590,620.0,7.958921694480102
238,海淀区,新外大街3号院 ,1室1厅,26.5,东,简装,中楼层(共4层),1960年,小西天,97359,258.0,9.735849056603774
239,丰台区,莲花池南里 ,2室1厅,52.97,南,精装,低楼层(共6层),1985年,广安门,69663,369.0,6.966207287143666
240,丰台区,方南家园一期 ,2室1厅,51.66,南北,简装,低楼层(共6层),1998年,刘家窑,56137,290.0,5.613627564847078
241,丰台区,石榴园南里小区 ,1室1厅,47.83,西,简装,中楼层(共6层),1998年,刘家窑,52060,249.0,5.205937696006691
242,丰台区,鑫兆雅园南区 ,2室1厅,74.54,西北,简装,中楼层(共22层),2003年,刘家窑,59834,446.0,5.983364636436812
243,丰台区,太平桥东里 ,1室1厅,45.92,南,简装,中楼层(共6层),1989年,太平桥,64896,298.0,6.489547038327526
244,丰台区,太平桥西里 ,2室1厅,53.12,南北,简装,高楼层(共6层),1985年,太平桥,72478,385.0,7.247740963855422
245,丰台区,新新天第 ,2室1厅,57.76,东南北,简装,低楼层(共10层),2006年,马家堡,61462,355.0,6.14612188365651
246,丰台区,南庭新苑北区 ,3室1厅,81.32,东南北,精装,顶层(共16层),2009年,新宫,50173,408.0,5.017215937038859
247,丰台区,和义东里五区 ,2室1厅,56.59,南北,简装,中楼层(共6层),1984年,和义,49126,278.0,4.912528715320728
248,丰台区,芳城园一区 ,2室1厅,95.0,西南,精装,低楼层(共25层),1990年,方庄,62948,598.0,6.294736842105263
249,丰台区,育芳园东里 ,3室1厅,103.8,南北,精装,中楼层(共6层),1993年,玉泉营,52024,540.0,5.202312138728324
250,丰台区,太平桥小区 ,2室1厅,56.83,南北,精装,中楼层(共6层),1985年,太平桥,68274,388.0,6.8273799049797645
251,丰台区,鹏润家园 ,2室1厅,64.17,东北,精装,低楼层(共16层),2001年,菜户营,62335,400.0,6.233442418575658
252,丰台区,和义西里二区 ,2室1厅,73.91,南北,简装,底层(共6层),2000年,和义,49791,368.0,4.979028548234339
253,丰台区,金泰城丽湾 ,2室2厅,115.86,南,精装,高楼层(共21层),2008年,菜户营,77249,895.0,7.7248403245296045
254,丰台区,世嘉丽晶 ,3室1厅,122.31,南北,简装,低楼层(共6层),2005年,和义,48893,598.0,4.88921592674352
255,丰台区,建邦华府 ,2室1厅,104.46,南北,精装,中楼层(共13层),2009年,刘家窑,58396,610.0,5.839555810836684
256,丰台区,日新家园 ,2室1厅,67.48,南北,精装,高楼层(共6层),1997年,赵公口,54832,370.0,5.483106105512745
257,丰台区,华富丽苑 ,2室2厅,98.93,南北,精装,低楼层(共30层),2007年,青塔,52563,520.0,5.256241787122208
258,丰台区,石榴庄西街 ,2室1厅,55.2,东南西,简装,中楼层(共6层),1991年,赵公口,52537,290.0,5.253623188405797
259,丰台区,天伦锦城 ,1室1厅,58.4,南北,精装,低楼层(共11层),2006年,花乡,46062,269.0,4.606164383561644
260,丰台区,世嘉丽晶 ,2室1厅,63.99,南北,精装,顶层(共6层),2005年,和义,51259,328.0,5.125800906391624
261,丰台区,北大地三里 ,1室1厅,33.3,南,精装,底层(共5层),1982年,北大地,83484,278.0,8.348348348348349
262,丰台区,恋日嘉园一期 ,1室1厅,40.44,南,精装,中楼层(共13层),2001年,草桥,74184,300.0,7.41839762611276
263,丰台区,蒲黄榆三里 ,1室1厅,44.26,南,精装,顶层(共12层),1984年,蒲黄榆,62811,278.0,6.281066425666516
264,丰台区,春园 ,1室1厅,51.99,南,精装,顶层(共18层),1998年,青塔,52991,275.5,5.299095979996153
265,丰台区,建邦枫景 ,2室1厅,78.23,南西,精装,高楼层(共22层),2010年,青塔,52410,410.0,5.240956154927777
266,丰台区,万柳园小区 ,1室1厅,42.67,南北,简装,中楼层(共6层),1992年,玉泉营,63042,269.0,6.304194984766815
267,丰台区,定安西里 ,2室1厅,55.6,南北,精装,顶层(共6层),1988年,木樨园,54317,302.0,5.431654676258993
268,丰台区,gogo新世代 ,1室1厅,46.39,东,精装,低楼层(共30层),2005年,方庄,65747,305.0,6.574692821728821
269,丰台区,冠军楼 ,2室1厅,88.99,东南,简装,低楼层(共21层),1998年,木樨园,48321,430.0,4.8320035959096534
270,丰台区,西翠芳庭 ,3室2厅,120.43,南西北,毛坯,低楼层(共22层),2002年,青塔,44425,535.0,4.442414680727393
271,丰台区,和义东里三区 ,2室1厅,54.87,南北,简装,顶层(共6层),1987年,和义,45563,250.0,4.5562238017131405
272,丰台区,优筑 ,2室2厅,100.08,南,精装,低楼层(共16层),2007年,玉泉营,64949,650.0,6.49480415667466
273,丰台区,明日嘉园 ,1室0厅,39.58,北,简装,中楼层(共23层),2003年,马家堡,66448,263.0,6.644770085901971
274,丰台区,西罗园四区 ,2室1厅,69.28,东北,简装,低楼层(共22层),1993年,西罗园,52685,365.0,5.268475750577367
275,丰台区,嘉园二里 ,2室1厅,55.88,南北,精装,高楼层(共6层),1998年,马家堡,66214,370.0,6.62133142448103
276,丰台区,嘉园二里 ,2室1厅,57.7,南北,精装,顶层(共6层),1998年,马家堡,57193,330.0,5.719237435008665
277,丰台区,gogo新世代 ,1室1厅,46.39,西,简装,低楼层(共32层),2005年,方庄,65747,305.0,6.574692821728821
278,丰台区,西府景园 ,3室1厅,119.39,南北,简装,中楼层(共23层),2004年,岳各庄,55282,660.0,5.528101181003434
279,丰台区,苗圃东里 ,3室1厅,83.22,西南北,简装,高楼层(共22层),1998年,赵公口,53113,442.0,5.311223263638548
280,丰台区,丰西北里 ,2室1厅,53.72,南北,简装,中楼层(共6层),1990年,五里店,44677,240.0,4.467609828741623
281,丰台区,芳星园二区 ,2室1厅,63.5,东南,简装,中楼层(共25层),1992年,方庄,72441,460.0,7.244094488188976
282,丰台区,广安﹒康馨家园 ,3室1厅,91.91,南西北,简装,高楼层(共34层),2015年,青塔,50049,460.0,5.004896094005005
283,丰台区,大红门35号院 ,2室1厅,62.37,南北,精装,顶层(共6层),1996年,角门,53712,335.0,5.371172037838705
284,丰台区,中海九号公馆 ,3室2厅,178.83,南北,精装,低楼层(共16层),2012年,科技园区,78231,1399.0,7.823072191466756
285,丰台区,卢沟桥南里 ,2室1厅,57.19,东西,简装,低楼层(共6层),1987年,卢沟桥,45446,259.9,4.544500786850848
286,丰台区,建欣苑三里 ,2室1厅,60.3,南北,精装,中楼层(共6层),1997年,大红门,58873,355.0,5.887230514096186
287,丰台区,石榴园北里小区 ,2室1厅,58.51,南北,简装,低楼层(共6层),1992年,刘家窑,55205,323.0,5.520423859169373
288,丰台区,四方景园二区 ,2室1厅,85.11,西北,精装,高楼层(共28层),2005年,成寿寺,56398,480.0,5.6397603101868174
289,丰台区,华芳园 ,1室1厅,64.95,西,简装,高楼层(共24层),1999年,成寿寺,52348,340.0,5.234795996920708
290,丰台区,秀蝶双座 ,2室2厅,92.62,南,简装,中楼层(共26层),2007年,青塔,53877,499.0,5.387605268840423
291,丰台区,北大地三里 ,3室1厅,67.6,南北,简装,中楼层(共5层),1981年,北大地,65829,445.0,6.582840236686391
292,丰台区,三环新城8号院 ,1室1厅,52.6,东南,精装,中楼层(共18层),2006年,玉泉营,65590,345.0,6.55893536121673
293,丰台区,莲花池南里 ,2室1厅,68.9,南,精装,中楼层(共16层),1992年,广安门,70828,488.0,7.082728592162554
294,丰台区,铁路小区 ,2室1厅,71.54,东南,简装,低楼层(共24层),1997年,六里桥,76881,550.0,7.688006709533128
295,丰台区,兆丰园 ,3室2厅,143.62,东南,精装,高楼层(共20层),2000年,青塔,50759,729.0,5.0758947221835395
296,丰台区,南曦大厦 ,2室1厅,115.88,南,精装,中楼层(共22层),2004年,木樨园,47291,548.0,4.729030031066621
297,丰台区,莲怡园北路1号院 ,2室1厅,59.47,南北,简装,中楼层(共6层),1995年,六里桥,61376,365.0,6.137548343702707
298,丰台区,南木樨园 ,2室1厅,50.98,南,精装,低楼层(共6层),1986年,木樨园,58062,296.0,5.8061985092193025
299,石景山区,八角北路 ,2室1厅,53.97,南北,简装,低楼层(共6层),1985年,八角,51881,280.0,5.188067444876784
300,石景山区,京汉旭城 ,1室1厅,58.06,南,简装,高楼层(共17层),2006年,鲁谷,54771,318.0,5.477092662762659
301,石景山区,古城南路 ,3室1厅,59.1,南北,精装,顶层(共5层),1978年,古城,46532,275.0,4.653130287648054
302,石景山区,诗景长安 ,2室1厅,90.96,南北,精装,低楼层(共25层),2010年,鲁谷,62995,573.0,6.299472295514512
303,石景山区,金顶街五区 ,2室1厅,95.88,南,简装,高楼层(共24层),2007年,苹果园,47769,458.0,4.776804338756779
304,石景山区,七星园 ,1室1厅,63.86,南,精装,中楼层(共19层),1996年,鲁谷,53868,344.0,5.386783589101158
305,石景山区,海特花园小区 ,3室1厅,108.16,南,精装,低楼层(共18层),1996年,苹果园,48077,520.0,4.8076923076923075
306,石景山区,八宝山南路29号院 ,2室1厅,40.4,南,简装,中楼层(共6层),1990年,鲁谷,56931,230.0,5.693069306930694
307,石景山区,老山东里 ,2室1厅,73.42,南北,精装,中楼层(共6层),1999年,老山,56525,415.0,5.65241078725143
308,石景山区,北重西厂 ,1室1厅,41.41,西,精装,中楼层(共6层),1989年,鲁谷,53128,220.0,5.312726394590679
309,石景山区,八角北路 ,2室1厅,50.39,南北,简装,中楼层(共6层),1984年,八角,51598,260.0,5.159753919428458
310,石景山区,模式口东里 ,2室1厅,52.46,东西,精装,中楼层(共6层),1991年,苹果园,48609,255.0,4.8608463591307665
311,石景山区,八角中里 ,2室1厅,58.64,南北,简装,中楼层(共6层),1990年,八角,52865,310.0,5.286493860845839
312,石景山区,模式口西里 ,2室1厅,60.3,南,精装,低楼层(共16层),1988年,苹果园,42952,259.0,4.295190713101161
313,石景山区,杨庄中区 ,2室1厅,66.3,南北,简装,底层(共6层),1998年,杨庄,49171,326.0,4.917043740573153
314,石景山区,奈伦熙府 ,2室1厅,80.79,南北,简装,高楼层(共6层),2007年,杨庄,56319,455.0,5.631885134298799
315,石景山区,永乐东区 ,2室1厅,55.29,西,精装,顶层(共6层),1982年,鲁谷,46664,258.0,4.666304937601736
316,石景山区,永乐西区 ,2室1厅,59.42,南北,简装,顶层(共6层),1992年,鲁谷,47123,280.0,4.712218108381016
317,石景山区,八角北路 ,2室1厅,54.02,南北,精装,低楼层(共6层),1985年,八角,50537,273.0,5.053683820807108
318,石景山区,京汉旭城 ,2室1厅,90.35,南北,精装,中楼层(共16层),2004年,鲁谷,63088,570.0,6.30879911455451
319,石景山区,西山枫林一二期 ,3室2厅,120.95,南北,精装,中楼层(共11层),2004年,苹果园,53742,650.0,5.374121537825547
320,石景山区,地铁古城家园 ,3室2厅,103.38,东北,精装,低楼层(共24层),2001年,杨庄,39950,413.0,3.994970013542271
321,石景山区,融景城 ,2室2厅,90.83,南北,精装,高楼层(共26层),2010年,八角,56700,515.0,5.669932841572168
322,石景山区,模式口西里 ,2室1厅,56.67,南北,精装,底层(共6层),1987年,苹果园,46762,265.0,4.676195517910711
323,石景山区,远洋山水 ,2室1厅,114.93,东,简装,中楼层(共20层),2008年,鲁谷,64388,740.0,6.438701818498216
324,石景山区,模式口西里 ,2室1厅,62.17,南北,精装,低楼层(共6层),1987年,苹果园,43912,273.0,4.391185459224706
325,石景山区,重兴园 ,2室1厅,92.02,南北,精装,低楼层(共6层),2003年,鲁谷,55967,515.0,5.596609432732015
326,石景山区,杨庄小区 ,2室1厅,59.64,南,简装,低楼层(共14层),1991年,杨庄,51979,310.0,5.197853789403085
327,石景山区,苹果园小区三区 ,2室1厅,74.43,东南北,精装,底层(共16层),1994年,苹果园,49443,368.0,4.944242912803976
328,石景山区,老山东里 ,2室1厅,71.1,南北,简装,6层,1999年,老山,54853,390.0,5.485232067510549
329,石景山区,老山东里 ,3室1厅,65.0,西北,简装,低楼层(共16层),1986年,老山,50462,328.0,5.046153846153846
330,石景山区,模式口西里 ,2室1厅,55.6,南,简装,顶层(共6层),1987年,苹果园,42986,239.0,4.298561151079136
331,石景山区,远洋沁山水 ,2室1厅,88.74,西,精装,低楼层(共20层),2009年,鲁谷,78883,700.0,7.888212756366915
332,石景山区,远洋山水 ,2室2厅,109.57,南北,简装,中楼层(共26层),2007年,鲁谷,61605,675.0,6.160445377384321
333,石景山区,古城南里 ,1室1厅,45.05,南,毛坯,中楼层(共16层),1984年,古城,57714,260.0,5.771365149833518
334,石景山区,杨庄小区 ,2室1厅,64.0,南北,精装,低楼层(共14层),1992年,杨庄,49375,316.0,4.9375
335,石景山区,永乐东区 ,1室1厅,29.07,南,简装,中楼层(共4层),1958年,鲁谷,55040,160.0,5.503955968352253
336,石景山区,远洋山水 ,2室1厅,96.26,南北,精装,底层(共27层),2007年,鲁谷,60254,580.0,6.025348015790567
337,石景山区,地铁古城家园 ,2室1厅,79.84,东南,简装,低楼层(共24层),2000年,杨庄,43713,349.0,4.371242484969939
338,石景山区,老山东里 ,3室1厅,65.0,西北,简装,高楼层(共16层),1985年,老山,49231,320.0,4.923076923076923
339,石景山区,古城路小区 ,2室1厅,48.86,东西,精装,中楼层(共6层),1980年,古城,46664,228.0,4.66639377814163
340,石景山区,八角路小区 ,2室0厅,37.07,南北,简装,顶层(共5层),1971年,八角,41813,155.0,4.181278661990828
341,石景山区,科研楼 ,2室1厅,55.39,南,精装,底层(共6层),1991年,苹果园,48746,270.0,4.87452608774147
342,石景山区,杨庄中区 ,2室1厅,80.27,南北,精装,中楼层(共16层),1996年,杨庄,46718,375.0,4.671732901457581
343,石景山区,远洋沁山水 ,2室2厅,88.91,南北,精装,中楼层(共21层),2009年,鲁谷,87730,780.0,8.772916432347317
344,石景山区,金顶阳光 ,2室1厅,88.68,南,简装,低楼层(共21层),2009年,苹果园,46234,410.0,4.623364907532702
345,石景山区,杨庄小区 ,2室1厅,56.43,东西,简装,低楼层(共6层),1993年,杨庄,49265,278.0,4.926457558036505
346,石景山区,八角南里 ,2室1厅,80.07,西北,精装,低楼层(共20层),1999年,八角,48083,385.0,4.808292743849132
347,石景山区,永乐西区 ,3室1厅,76.5,东西,简装,中楼层(共5层),1993年,鲁谷,47713,365.0,4.771241830065359
348,石景山区,金顶街59号院 ,2室1厅,79.31,南北,精装,低楼层(共6层),2006年,苹果园,49805,395.0,4.980456436767116
349,石景山区,奈伦熙府 ,3室1厅,144.27,西南,精装,中楼层(共18层),2006年,杨庄,53026,765.0,5.302557704304429
350,石景山区,海特花园小区 ,2室1厅,93.26,南北,简装,高楼层(共7层),1999年,苹果园,42784,399.0,4.278361569804846
351,石景山区,融景城 ,2室2厅,88.07,南,精装,顶层(共26层),2012年,八角,57682,508.0,5.768138980356535
352,石景山区,远洋山水 ,1室1厅,62.14,西,简装,低楼层(共25层),2005年,鲁谷,70808,440.0,7.0807853234631475
353,石景山区,久筑物业 ,2室1厅,65.13,东西,简装,低楼层(共12层),1996年,鲁谷,54507,355.0,5.4506371871641335
354,石景山区,雍景双庐 ,2室1厅,90.37,西南,精装,中楼层(共25层),2007年,苹果园,49243,445.0,4.92420050901848
355,石景山区,远洋沁山水 ,1室1厅,61.85,西,精装,高楼层(共18层),2011年,鲁谷,75991,470.0,7.599029911075181
356,石景山区,远洋山水 ,3室1厅,95.86,南北,精装,低楼层(共26层),2007年,鲁谷,66243,635.0,6.624243688712706
357,石景山区,远洋沁山水 ,3室1厅,87.71,东西,精装,中楼层(共20层),2009年,鲁谷,90070,790.0,9.006954737202143
358,石景山区,永乐西区 ,2室1厅,54.61,南北,简装,中楼层(共6层),1993年,鲁谷,56767,310.0,5.676616004394799
359,通州区,蓝调沙龙东区 ,2室2厅,98.4,南北,精装,低楼层(共6层),2005年,九棵树(家乐福),49797,490.0,4.979674796747967
360,通州区,翠福园 ,2室2厅,91.91,南北,简装,中楼层(共6层),2007年,北关,37537,345.0,3.753672070503754
361,通州区,雅丽世居 ,2室1厅,98.01,南北,精装,中楼层(共18层),2005年,果园,44384,435.0,4.438322620140802
362,通州区,新华联家园北区 ,1室0厅,42.85,南,精装,高楼层(共12层),2004年,果园,57643,247.0,5.764294049008168
363,通州区,长城国际 ,1室0厅,43.74,东,精装,22层,2009年,通州北苑,54642,239.0,5.464106081390032
364,通州区,阿尔法社区 ,2室1厅,91.4,南北,精装,低楼层(共9层),2008年,九棵树(家乐福),44858,410.0,4.485776805251641
365,通州区,金隅七零九零 ,2室1厅,88.5,南北,精装,中楼层(共15层),2009年,临河里,47684,422.0,4.768361581920904
366,通州区,荞馨园 ,2室1厅,97.52,南北,简装,中楼层(共6层),2003年,乔庄,43889,428.0,4.388843314191961
367,通州区,金隅通和园 ,2室1厅,90.11,南北,简装,中楼层(共29层),2011年,临河里,38842,350.0,3.88414160470536
368,通州区,蓝调沙龙东区 ,3室2厅,131.52,南北,精装,中楼层(共5层),2005年,九棵树(家乐福),47142,620.0,4.714111922141119
369,通州区,龙鼎园 ,2室1厅,91.62,南北,精装,低楼层(共11层),2005年,九棵树(家乐福),40494,371.0,4.049334206505129
370,通州区,新潮嘉园二期 ,2室2厅,94.48,南北,精装,中楼层(共7层),2004年,潞苑,43396,410.0,4.339542760372566
371,通州区,京贸国际城西区 ,2室1厅,74.43,南,精装,低楼层(共35层),2015年,武夷花园,60460,450.0,6.045949214026602
372,通州区,武夷花园牡丹园 ,2室1厅,87.9,南北,精装,中楼层(共7层),2001年,武夷花园,56770,499.0,5.676905574516495
373,通州区,百合湾 ,4室2厅,111.66,南北,精装,高楼层(共20层),2012年,武夷花园,85080,950.0,8.507970625111946
374,通州区,新潮嘉园一期 ,2室1厅,80.11,南北,简装,中楼层(共7层),2003年,潞苑,44689,358.0,4.4688553239295965
375,通州区,世纪星城三期 ,2室1厅,100.86,南,精装,高楼层(共32层),2008年,通州北苑,43526,439.0,4.3525679159230615
376,通州区,中建雅颂居 ,2室2厅,89.39,南,简装,低楼层(共22层),2012年,潞苑,39714,355.0,3.9713614498266026
377,通州区,世纪星城三期 ,2室2厅,104.5,南北,精装,低楼层(共32层),2008年,通州北苑,46890,490.0,4.688995215311005
378,通州区,龙鼎园 ,1室1厅,62.89,南,简装,低楼层(共11层),2005年,九棵树(家乐福),43092,271.0,4.309111146446176
379,通州区,通景园 ,2室1厅,89.96,南,简装,高楼层(共27层),2010年,九棵树(家乐福),37795,340.0,3.7794575366829704
380,通州区,融科香雪兰溪 ,3室1厅,89.21,南北,精装,高楼层(共18层),2010年,马驹桥,38785,346.0,3.8784889586369244
381,通州区,鑫苑小区 ,2室1厅,89.17,南北,简装,中楼层(共5层),2001年,通州北苑,44298,395.0,4.429740944263766
382,通州区,京贸国际城东区 ,1室1厅,58.97,南,精装,高楼层(共29层),2010年,武夷花园,54265,320.0,5.426488044768527
383,通州区,潞潮佳苑 ,2室1厅,83.58,南北,简装,底层(共6层),2003年,潞苑,46184,386.0,4.618329743957885
384,通州区,云景里南大门 ,2室1厅,89.46,南北,精装,中楼层(共6层),2004年,梨园,45272,405.0,4.527162977867204
385,通州区,格兰晴天 ,3室2厅,104.95,南北,简装,中楼层(共6层),2004年,玉桥,55741,585.0,5.574082896617437
386,通州区,西营后街 ,2室1厅,52.54,南,简装,中楼层(共5层),1985年,新华大街,43777,230.0,4.377617053673392
387,通州区,武夷花园牡丹园 ,3室1厅,106.75,南西,精装,底层(共6层),2002年,武夷花园,60890,650.0,6.0889929742388755
388,通州区,怡乐北街 ,2室1厅,67.66,南北,简装,中楼层(共6层),1998年,九棵树(家乐福),45818,310.0,4.581732190363583
389,通州区,鼎晟国际 ,1室0厅,50.91,北,简装,中楼层(共24层),2006年,新华大街,51071,260.0,5.107051659791789
390,通州区,新华联锦园 ,2室2厅,98.19,南北,精装,中楼层(共6层),2002年,通州北苑,42265,415.0,4.226499643548223
391,通州区,幸福艺居 ,2室1厅,80.29,南北,精装,中楼层(共7层),2002年,玉桥,51065,410.0,5.106488977456719
392,通州区,复兴北里 ,2室1厅,84.12,南北,简装,顶层(共6层),1995年,新华大街,38517,324.0,3.851640513552068
393,通州区,干休所家属院 ,2室1厅,54.03,南北,简装,中楼层(共6层),1983年,新华大街,44976,243.0,4.497501388117712
394,通州区,新通国际花园 ,2室1厅,89.34,南北,精装,顶层(共21层),2010年,梨园,49027,438.0,4.902619207521827
395,通州区,华龙小区 ,2室2厅,104.25,南北,精装,中楼层(共6层),2000年,潞苑,41248,430.0,4.124700239808154
396,通州区,金隅通和园 ,2室2厅,83.0,南,简装,高楼层(共28层),2011年,临河里,43374,360.0,4.337349397590361
397,通州区,东亚瑞晶苑 ,2室1厅,79.73,南西北,精装,低楼层(共22层),2009年,马驹桥,35746,285.0,3.5745641540198165
398,通州区,长城国际 ,1室0厅,52.37,东,简装,22层,2009年,通州北苑,50602,265.0,5.060148940232958
399,通州区,后南仓 ,2室1厅,54.26,南北,精装,中楼层(共6层),1981年,新华大街,49761,270.0,4.976041282712864
400,通州区,融科香雪兰溪 ,3室1厅,88.41,南北,精装,高楼层(共18层),2010年,马驹桥,38797,343.0,3.879651623119557
401,通州区,华业东方玫瑰A区 ,3室1厅,116.84,南北,毛坯,低楼层(共23层),2010年,临河里,56488,660.0,5.648750427935639
402,通州区,葛布店东里 ,2室1厅,57.21,南北,简装,高楼层(共6层),1991年,果园,49817,285.0,4.981646565285789
403,通州区,华诚花园 ,2室2厅,85.94,南北,简装,低楼层(共7层),1997年,北关,43636,375.0,4.363509425180358
404,通州区,月亮城堡 ,1室1厅,58.44,北,精装,低楼层(共12层),2005年,武夷花园,44491,260.0,4.4490075290896645
405,通州区,翠屏北里西区 ,3室1厅,115.82,东南北,简装,高楼层(共7层),2003年,果园,45588,528.0,4.558798135037127
406,通州区,新城东里 ,3室1厅,54.25,南北,简装,底层(共5层),1978年,新华大街,53272,289.0,5.3271889400921655
407,通州区,云景西里南区 ,2室1厅,58.64,南北,简装,中楼层(共6层),1994年,梨园,46897,275.0,4.689631650750341
408,通州区,京贸国际城西区 ,2室1厅,91.07,西南,精装,40层,2011年,武夷花园,55782,508.0,5.578126715713188
409,通州区,京贸国际城西区 ,2室1厅,90.77,南,简装,低楼层(共35层),2011年,武夷花园,56186,510.0,5.618596452572436
410,通州区,西潞苑小区 ,2室2厅,94.51,南北,精装,高楼层(共6层),2004年,北关,39044,369.0,3.904348746164427
411,通州区,新城嘉园 ,2室1厅,77.29,南北,精装,高楼层(共28层),2010年,梨园,48907,378.0,4.890671496959503
412,通州区,运河湾 ,1室2厅,68.54,南北,精装,高楼层(共11层),2009年,武夷花园,61570,422.0,6.156988619784067
413,通州区,河畔丽景 ,1室1厅,74.42,西南,简装,高楼层(共28层),2004年,武夷花园,47031,350.0,4.703036818059661
414,通州区,新城南关 ,2室1厅,50.45,南,简装,顶层(共5层),1978年,新华大街,46581,235.0,4.658077304261645
415,通州区,玉桥北里 ,2室1厅,53.42,东南,精装,底层(共5层),1990年,乔庄,51479,275.0,5.147884687383002
416,通州区,东阁雅舍 ,2室1厅,94.29,东北,简装,低楼层(共25层),2003年,北关,38181,360.0,3.8180082723512565
417,通州区,合生滨江帝景 ,2室1厅,89.5,南,精装,低楼层(共18层),2014年,玉桥,54190,485.0,5.418994413407821
418,通州区,葵花社 ,1室1厅,60.27,南,精装,中楼层(共14层),2006年,果园,56081,338.0,5.608096897295503
419,昌平区,新龙城 ,3室1厅,111.4,南北,简装,底层(共8层),2006年,回龙观,56105,625.0,5.6104129263913824
420,昌平区,新龙城 ,2室1厅,92.58,东西,精装,高楼层(共10层),2007年,回龙观,52820,489.0,5.281918340894362
421,昌平区,新龙城 ,3室1厅,120.36,南北,精装,中楼层(共10层),2007年,回龙观,56082,675.0,5.608175473579262
422,昌平区,北京北 ,1室1厅,60.96,西南,精装,高楼层(共20层),2008年,立水桥,56595,345.0,5.659448818897638
423,昌平区,旗胜家园 ,2室1厅,90.01,南北,简装,高楼层(共28层),2009年,西三旗,44329,399.0,4.43284079546717
424,昌平区,龙跃苑东五区 ,2室1厅,97.12,南北,精装,中楼层(共5层),2006年,回龙观,48188,468.0,4.818780889621087
425,昌平区,流星花园三区 ,2室1厅,77.91,南北,精装,顶层(共6层),2003年,回龙观,53267,415.0,5.326658965472982
426,昌平区,天通苑东一区 ,1室1厅,55.08,南,简装,中楼层(共7层),2001年,天通苑,56101,309.0,5.610021786492375
427,昌平区,万润家园 ,1室1厅,67.51,南,精装,高楼层(共9层),2003年,回龙观,58510,395.0,5.850985039253444
428,昌平区,天通苑东一区 ,2室1厅,112.98,南北,精装,中楼层(共7层),2001年,天通苑,38503,435.0,3.8502389803505044
429,昌平区,紫金新干线 ,2室1厅,82.75,南,简装,中楼层(共9层),2009年,霍营,53173,440.0,5.317220543806647
430,昌平区,天通苑东二区 ,2室1厅,106.1,西南,精装,中楼层(共19层),2001年,天通苑,39115,415.0,3.9114043355325165
431,昌平区,和谐家园一区 ,3室1厅,118.53,南北,精装,中楼层(共6层),2006年,回龙观,44631,529.0,4.463005146376445
432,昌平区,天通苑东二区 ,3室2厅,141.56,南北,精装,中楼层(共7层),2001年,天通苑,37794,535.0,3.7793161910144106
433,昌平区,新龙城 ,2室1厅,91.3,西南,简装,高楼层(共20层),2007年,回龙观,53560,489.0,5.355969331872947
434,昌平区,名佳花园三区 ,1室1厅,64.73,南,简装,中楼层(共6层),2004年,北七家,45574,295.0,4.55739224470879
435,昌平区,天通西苑二区 ,2室1厅,92.12,西南,精装,高楼层(共32层),2003年,天通苑,41794,385.0,4.179331306990881
436,昌平区,天通苑北一区 ,2室1厅,99.27,东北,简装,中楼层(共29层),2004年,天通苑,35862,356.0,3.586179107484638
437,昌平区,龙兴园北区 ,2室2厅,85.41,南北,简装,中楼层(共6层),2000年,回龙观,47419,405.0,4.7418335089567965
438,昌平区,太平家园 ,2室1厅,83.36,南北,精装,中楼层(共6层),1998年,天通苑,47385,395.0,4.7384836852207295
439,昌平区,龙锦苑东一区 ,2室1厅,98.72,南北,精装,底层(共6层),2007年,霍营,43457,429.0,4.345623987034036
440,昌平区,名佳花园一区 ,2室1厅,96.09,南北,精装,中楼层(共7层),2003年,北七家,39443,379.0,3.944218961390363
441,昌平区,龙锦苑东四区 ,2室1厅,100.18,南北,简装,低楼层(共6层),2009年,霍营,42424,425.0,4.242363745258534
442,昌平区,龙泽苑西区 ,2室1厅,76.26,南北,简装,底层(共6层),2000年,回龙观,60320,460.0,6.031995803829005
443,昌平区,龙乡东区 ,2室1厅,69.52,南北,精装,中楼层(共6层),1994年,西三旗,55093,383.0,5.509205983889529
444,昌平区,天通苑东三区 ,2室1厅,107.25,南北,精装,低楼层(共7层),2002年,天通苑,41772,448.0,4.177156177156177
445,昌平区,溪城家园 ,2室1厅,80.82,南,简装,低楼层(共15层),2010年,立水桥,49122,397.0,4.912150457807474
446,昌平区,嘉诚花园二期 ,2室1厅,100.47,南北,精装,底层(共7层),2004年,立水桥,51757,520.0,5.175674330645964
447,昌平区,旗胜家园 ,2室1厅,89.52,南北,简装,高楼层(共28层),2009年,西三旗,45800,410.0,4.579982126899017
448,昌平区,北京洋房 ,3室2厅,193.93,南北,精装,中楼层(共7层),2007年,北七家,40737,790.0,4.073634816686433
449,昌平区,华龙苑北里 ,2室2厅,90.92,南北,精装,低楼层(共7层),2005年,霍营,49275,448.0,4.927408710954685
450,昌平区,太平家园 ,2室1厅,71.0,南北,精装,中楼层(共6层),1998年,天通苑,53522,380.0,5.352112676056338
451,昌平区,龙回苑 ,3室1厅,116.5,南北,简装,高楼层(共6层),2004年,回龙观,41116,479.0,4.111587982832618
452,昌平区,新龙城 ,2室1厅,101.93,南北,精装,低楼层(共20层),2007年,回龙观,48956,499.0,4.895516530952614
453,昌平区,天通苑本五区 ,3室1厅,160.07,南北,精装,低楼层(共13层),2001年,天通苑,38046,609.0,3.8045854938464423
454,昌平区,龙华园 ,2室1厅,80.16,南北,精装,顶层(共6层),1996年,回龙观,48154,386.0,4.815369261477046
455,昌平区,龙腾苑三区 ,3室1厅,117.31,南北,精装,中楼层(共5层),2002年,回龙观,44157,518.0,4.415650839655613
456,昌平区,西环里 ,2室1厅,50.16,南,精装,中楼层(共5层),1984年,西关环岛,42863,215.0,4.28628389154705
457,昌平区,旗胜家园 ,2室1厅,89.4,南,精装,底层(共16层),2009年,西三旗,45303,405.0,4.530201342281879
458,昌平区,天通苑北二区 ,2室2厅,126.06,南北,精装,中楼层(共13层),2005年,天通苑,40854,515.0,4.085356179597017
459,昌平区,融泽嘉园 ,2室1厅,92.18,南北,简装,低楼层(共18层),2014年,回龙观,55327,510.0,5.532653504013886
460,昌平区,领秀慧谷D区 ,2室1厅,80.68,南北,精装,高楼层(共11层),2016年,回龙观,59495,480.0,5.949429846306395
461,昌平区,天通苑东一区 ,2室1厅,89.58,南北,简装,中楼层(共7层),2001年,天通苑,44542,399.0,4.454119223040857
462,昌平区,东辰小区 ,2室1厅,67.94,南北,精装,低楼层(共6层),1998年,立水桥,56668,385.0,5.666764792463939
463,昌平区,龙锦苑东五区 ,3室1厅,118.42,南北,毛坯,中楼层(共6层),2007年,霍营,36734,435.0,3.6733659854754266
464,昌平区,天鑫家园 ,1室1厅,58.51,南北,精装,底层(共6层),2003年,霍营,58110,340.0,5.810972483336182
465,昌平区,龙跃苑四区 ,2室1厅,99.67,南北,精装,中楼层(共6层),2005年,回龙观,46454,463.0,4.64532958763921
466,昌平区,名佳花园四区 ,2室1厅,87.78,南北,精装,中楼层(共6层),2003年,北七家,40556,356.0,4.05559352927774
467,昌平区,北店嘉园 ,2室1厅,77.31,南,精装,中楼层(共7层),2003年,回龙观,56785,439.0,5.678437459578321
468,昌平区,龙锦苑东二区 ,3室1厅,130.03,南西北,简装,低楼层(共6层),2007年,霍营,38376,499.0,3.83757594401292
469,昌平区,望都新地 ,2室1厅,89.71,南北,简装,6层,2008年,北七家,40464,363.0,4.0463716419574185
470,昌平区,合立方 ,2室1厅,76.08,南,精装,中楼层(共21层),2010年,立水桥,45742,348.0,4.574132492113565
471,昌平区,龙华园 ,2室1厅,73.77,南北,精装,高楼层(共6层),1996年,回龙观,53545,395.0,5.354480140978718
472,昌平区,天慧园 ,2室1厅,87.87,南北,简装,中楼层(共7层),2000年,回龙观,47798,420.0,4.779788323659952
473,昌平区,天通西苑三区 ,3室1厅,148.1,西南,简装,32层,2003年,天通苑,31061,460.0,3.1060094530722484
474,昌平区,龙锦苑东五区 ,3室2厅,125.12,南北,简装,顶层(共6层),2007年,霍营,34368,430.0,3.436700767263427
475,昌平区,温泉花园B区 ,3室2厅,121.68,东南北,简装,顶层(共6层),1999年,北七家,26052,317.0,2.6051939513477973
476,昌平区,溪城家园 ,2室1厅,81.42,南,精装,底层(共15层),2010年,立水桥,46549,379.0,4.6548759518545815
477,昌平区,北亚花园 ,2室1厅,80.76,南北,简装,中楼层(共6层),2002年,北七家,38757,313.0,3.8756810302129763
478,昌平区,天通苑本五区 ,4室2厅,128.66,南北,简装,高楼层(共7层),1998年,天通苑,32489,418.0,3.2488729986009637
479,大兴区,枣园小区 ,3室1厅,82.57,南北,简装,高楼层(共6层),1994年,枣园,37544,310.0,3.754390214363571
480,大兴区,美然绿色家园 ,2室1厅,77.22,南北,简装,顶层(共6层),2001年,旧宫,43901,339.0,4.39005439005439
481,大兴区,新安里 ,2室1厅,74.57,南北,精装,低楼层(共6层),1998年,黄村中,36879,275.0,3.6878101113048145
482,大兴区,富强西里 ,2室1厅,56.16,南北,简装,中楼层(共5层),1985年,黄村中,41845,235.0,4.184472934472935
483,大兴区,金融街融汇 ,2室1厅,69.76,东南,精装,高楼层(共26层),2014年,天宫院,43722,305.0,4.372133027522936
484,大兴区,首开康乃馨城 ,2室1厅,90.8,南北,简装,中楼层(共9层),2013年,枣园,34802,316.0,3.4801762114537445
485,大兴区,金色漫香林二期 ,2室1厅,90.99,南北,精装,低楼层(共8层),2010年,亦庄,48357,440.0,4.835696230354984
486,大兴区,鸿坤理想城礼域府 ,2室1厅,91.33,南北,简装,高楼层(共15层),2011年,西红门,60769,555.0,6.076864119128436
487,大兴区,新安里 ,2室1厅,69.9,南北,精装,顶层(共6层),1996年,黄村中,32762,229.0,3.2761087267525033
488,大兴区,中信新城西区 ,3室1厅,170.61,南北,简装,高楼层(共17层),2013年,亦庄开发区其它,52166,890.0,5.216575816188969
489,大兴区,海子角小区 ,2室1厅,68.22,南北,简装,低楼层(共6层),1996年,观音寺,30490,208.0,3.048959249486954
490,大兴区,清逸西园 ,2室1厅,69.84,南北,简装,底层(共6层),1998年,旧宫,41381,289.0,4.138029782359679
491,大兴区,金惠园三里 ,1室1厅,62.41,南北,精装,中楼层(共7层),1998年,黄村北,45666,285.0,4.566575869251722
492,大兴区,福苑小区 ,3室1厅,79.71,南北,简装,低楼层(共6层),1997年,大兴其它,33873,270.0,3.387278885961611
493,大兴区,清欣园甲区 ,2室1厅,79.88,南北,精装,底层(共6层),2001年,旧宫,43816,350.0,4.381572358537807
494,大兴区,观音寺小区 ,3室1厅,85.18,南北,简装,中楼层(共6层),1994年,观音寺,34046,290.0,3.4045550598732093
495,大兴区,美然绿色家园 ,2室1厅,65.85,南北,精装,顶层(共6层),1999年,旧宫,46470,306.0,4.646924829157176
496,大兴区,首开康乃馨城 ,1室1厅,61.91,南,精装,中楼层(共16层),2012年,枣园,38766,240.0,3.876595057341302
497,大兴区,巧克力城 ,2室2厅,98.96,南北,简装,中楼层(共4层),2004年,旧宫,44968,445.0,4.496766370250606
498,大兴区,三槐家园 ,2室1厅,86.51,南北,简装,低楼层(共10层),2011年,瀛海,38724,335.0,3.872384695410935
499,大兴区,马赛公馆 ,3室2厅,89.98,东南北,精装,高楼层(共18层),2013年,枣园,41899,377.0,4.189819959991109
500,大兴区,保利春天里 ,4室2厅,95.95,南北,精装,中楼层(共27层),2014年,天宫院,48776,468.0,4.877540385617509
501,大兴区,大城小镇 ,2室1厅,93.4,南北,简装,中楼层(共11层),2007年,旧宫,45611,426.0,4.5610278372591
502,大兴区,金融街融汇 ,2室1厅,77.29,南,精装,中楼层(共21层),2014年,天宫院,42697,330.0,4.2696338465519466
503,大兴区,清乐园 ,2室1厅,71.27,南北,简装,底层(共6层),1995年,旧宫,43216,308.0,4.321593938543567
504,大兴区,鸿坤理想城派郡20号院 ,2室1厅,89.72,东南西北,精装,高楼层(共18层),2009年,西红门,46256,415.0,4.625501560410165
505,大兴区,保利首开熙悦春天 ,4室2厅,96.43,南北,精装,中楼层(共25层),2014年,天宫院,44074,425.0,4.407342113450171
506,大兴区,灵秀山庄 ,2室1厅,59.0,南北,精装,高楼层(共6层),2003年,旧宫,51695,305.0,5.169491525423729
507,大兴区,彩虹新城 ,2室1厅,88.26,南北,精装,高楼层(共18层),2007年,枣园,52686,465.0,5.268524813052345
508,大兴区,新居里 ,2室1厅,90.71,南北,简装,中楼层(共6层),2001年,黄村中,32522,295.0,3.252122147503032
509,大兴区,同兴园 ,2室1厅,72.3,南北,简装,低楼层(共6层),1999年,西红门,41356,299.0,4.13554633471646
510,大兴区,三合南里 ,2室1厅,66.17,南北,简装,中楼层(共6层),1994年,黄村中,43827,290.0,4.382650748073145
511,大兴区,清逸西园 ,2室1厅,63.62,南北,毛坯,低楼层(共6层),1996年,旧宫,43383,276.0,4.33825840930525
512,大兴区,金荣园 ,2室1厅,79.75,南北,简装,低楼层(共6层),1998年,西红门,33606,268.0,3.3605015673981193
513,大兴区,御园小区 ,2室1厅,75.44,南北,简装,中楼层(共14层),2014年,天宫院南,29560,223.0,2.9559915164369035
514,大兴区,保利春天里 ,2室1厅,85.54,南,简装,低楼层(共32层),2014年,天宫院,42671,365.0,4.267009586158522
515,大兴区,金融街融汇 ,3室2厅,116.77,东南北,精装,高楼层(共18层),2014年,天宫院,43676,510.0,4.367560161000257
516,大兴区,清和园 ,1室1厅,49.56,南北,简装,中楼层(共6层),1996年,旧宫,47620,236.0,4.761904761904762
517,大兴区,瑞海家园五区 ,3室1厅,133.04,南北,精装,中楼层(共6层),2004年,西红门,39086,520.0,3.9085989176187614
518,大兴区,亦庄北岸 ,2室1厅,62.9,西北,精装,中楼层(共11层),2008年,旧宫,55485,349.0,5.548489666136725
519,大兴区,亦庄北岸 ,4室1厅,146.8,南北,简装,高楼层(共15层),2008年,旧宫,43461,638.0,4.346049046321525
520,大兴区,兴城丽源 ,2室2厅,88.23,南北,精装,中楼层(共12层),2009年,枣园,41936,370.0,4.193584948430239
521,大兴区,海悦公馆 ,2室1厅,82.78,南北,精装,中楼层(共24层),2014年,观音寺,37208,308.0,3.7207054844165257
522,大兴区,首邑上城 ,3室2厅,123.32,南北,简装,低楼层(共16层),2007年,枣园,47681,588.0,4.768083036003892
523,大兴区,富强东里 ,2室1厅,44.58,南,简装,顶层(共5层),1978年,黄村中,43742,195.0,4.3741588156123825
524,大兴区,丽园C区 ,2室1厅,103.92,南北,精装,低楼层(共10层),2007年,枣园,44265,460.0,4.426481909160893
525,大兴区,彩虹新城 ,2室2厅,88.82,南北,精装,高楼层(共12层),2006年,枣园,51228,455.0,5.122720108083765
526,大兴区,上林苑 ,1室1厅,65.97,南北,简装,顶层(共6层),2002年,瀛海,39109,258.0,3.910868576625739
527,大兴区,黄村西里 ,2室1厅,55.91,南,简装,顶层(共5层),1985年,黄村中,40780,228.0,4.077982471829727
528,大兴区,德林园 ,2室1厅,87.36,南北,简装,中楼层(共9层),2004年,旧宫,45330,396.0,4.532967032967033
529,大兴区,中建国际港 ,2室1厅,90.04,南,精装,高楼层(共34层),2013年,枣园,51644,465.0,5.1643713904931134
530,大兴区,鑫苑鑫都汇 ,3室1厅,92.95,南北,精装,高楼层(共18层),2015年,天宫院,47230,439.0,4.722969338353954
531,大兴区,滨河西里 ,1室1厅,44.39,西南东北,简装,中楼层(共6层),1992年,枣园,48210,214.0,4.82090560937148
532,大兴区,红木林 ,2室1厅,72.82,南北,精装,中楼层(共21层),2013年,枣园,67015,488.0,6.701455644053832
533,大兴区,车站北里 ,2室1厅,46.3,西北,精装,底层(共6层),1987年,黄村火车站,47517,220.0,4.751619870410368
534,大兴区,首邑溪谷 ,2室1厅,39.28,西,精装,中楼层(共12层),2013年,枣园,77648,305.0,7.7647657841140525
535,大兴区,宏盛家园 ,2室1厅,86.42,南北,精装,6层,1999年,西红门,44088,381.0,4.4087016894237445
536,大兴区,住总万科橙 ,2室1厅,75.69,南,精装,顶层(共26层),2015年,天宫院,48224,365.0,4.822301492931695
537,大兴区,一品嘉园 ,2室1厅,88.31,南北,简装,高楼层(共6层),2012年,天宫院南,27970,247.0,2.796965236100102
538,大兴区,金惠园三里 ,2室1厅,87.21,南北,精装,中楼层(共6层),2007年,黄村北,52288,456.0,5.228758169934641
539,顺义区,滨河小区 ,1室1厅,59.68,南北,简装,顶层(共6层),1994年,顺义城,38372,229.0,3.8371313672922254
540,顺义区,怡馨家园 ,2室1厅,99.75,南北,精装,顶层(共9层),2004年,顺义城,44913,448.0,4.491228070175438
541,顺义区,幸福东区 ,2室1厅,58.52,南北,简装,低楼层(共6层),1992年,顺义城,42379,248.0,4.237867395762132
542,顺义区,石园南区 ,2室1厅,85.69,南北,精装,顶层(共6层),1993年,顺义城,32560,279.0,3.2559225113782237
543,顺义区,义宾南区 ,2室1厅,61.38,南北,简装,顶层(共6层),1988年,顺义城,38287,235.0,3.8286086673183446
544,顺义区,石园南区 ,2室1厅,79.07,西南,简装,中楼层(共6层),1993年,顺义城,33515,265.0,3.35146073099785
545,顺义区,香悦四季 ,3室1厅,95.21,南,精装,中楼层(共11层),2011年,马坡,46109,439.0,4.61086020376011
546,顺义区,双裕小区 ,1室1厅,46.13,南,精装,顶层(共5层),1994年,后沙峪,49643,229.0,4.964231519618469
547,顺义区,港馨家园东区 ,2室1厅,83.81,南北,精装,低楼层(共6层),2007年,顺义城,36989,310.0,3.698842620212385
548,顺义区,裕祥花园 ,3室1厅,98.84,南北,简装,顶层(共5层),1996年,后沙峪,35917,355.0,3.5916632942128692
549,顺义区,东兴一区 ,1室1厅,66.11,南北,精装,顶层(共6层),1994年,顺义城,39934,264.0,3.9933444259567388
550,顺义区,裕祥花园 ,2室1厅,75.27,南北,简装,高楼层(共6层),1996年,后沙峪,37864,285.0,3.786369071343165
551,顺义区,裕龙一区 ,3室1厅,102.08,南北,简装,高楼层(共6层),1998年,顺义城,38696,395.0,3.8695141065830723
552,顺义区,万科城市花园 ,2室2厅,81.6,南北,精装,低楼层(共6层),1995年,后沙峪,47550,388.0,4.754901960784314
553,顺义区,樱花园二区 ,1室0厅,33.96,东南,精装,中楼层(共6层),1999年,李桥,48882,166.0,4.888103651354535
554,顺义区,义宾南区 ,2室1厅,72.2,南北,简装,顶层(共6层),1988年,顺义城,38782,280.0,3.8781163434903045
555,顺义区,石园东区 ,1室1厅,59.74,南北,精装,中楼层(共6层),1994年,顺义城,39840,238.0,3.98393036491463
556,顺义区,石园东区 ,2室1厅,76.77,南北,精装,高楼层(共6层),1994年,顺义城,37776,290.0,3.777517259346099
557,顺义区,怡馨家园 ,2室1厅,83.7,西,简装,高楼层(共15层),2005年,顺义城,41817,350.0,4.181600955794504
558,顺义区,樱花园二区 ,1室0厅,35.43,南北,简装,底层(共6层),1999年,李桥,44595,158.0,4.459497600903189
559,顺义区,石园北区 ,2室1厅,83.66,南北,精装,低楼层(共6层),1999年,顺义城,36577,306.0,3.6576619650968207
560,顺义区,东兴一区 ,1室1厅,60.37,南北,精装,中楼层(共6层),1993年,顺义城,43896,265.0,4.3895974821931425
561,顺义区,建新南区 ,1室1厅,56.75,南北,简装,中楼层(共5层),1988年,顺义城,53745,305.0,5.3744493392070485
562,顺义区,石园北区 ,1室1厅,69.4,南北,简装,高楼层(共6层),1999年,顺义城,36888,256.0,3.6887608069164264
563,顺义区,裕龙三区 ,2室1厅,94.8,南北,精装,低楼层(共11层),2008年,顺义城,44304,420.0,4.4303797468354436
564,顺义区,仓上小区 ,1室1厅,60.54,南北,简装,顶层(共6层),1992年,顺义城,38983,236.0,3.898249091509746
565,顺义区,万科城市花园 ,2室1厅,77.24,南北,精装,底层(共6层),1995年,后沙峪,51269,396.0,5.126877265665459
566,顺义区,双兴东区 ,2室1厅,80.27,南北,简装,高楼层(共6层),1998年,顺义城,37374,300.0,3.7373863211660647
567,顺义区,建新南区 ,2室1厅,72.76,南北,简装,顶层(共5层),1987年,顺义城,49341,359.0,4.934029686641011
568,顺义区,空港吉祥花园 ,1室1厅,50.77,南,简装,低楼层(共10层),2009年,后沙峪,58500,297.0,5.849911364979318
569,顺义区,仓上小区 ,1室1厅,60.2,南北,简装,顶层(共6层),1992年,顺义城,39037,235.0,3.9036544850498336
570,顺义区,滨河小区 ,1室1厅,60.9,南北,精装,中楼层(共5层),1992年,顺义城,38588,235.0,3.858784893267652
571,顺义区,石园北区 ,2室1厅,78.31,南北,精装,中楼层(共16层),2002年,顺义城,36011,282.0,3.601072659941259
572,顺义区,佳和宜园 ,2室1厅,89.36,南北,简装,顶层(共6层),2009年,马坡,30775,275.0,3.0774395702775292
573,顺义区,新马家园 ,2室1厅,80.93,南北,简装,低楼层(共28层),2013年,马坡,34475,279.0,3.447423699493389
574,顺义区,香悦四季 ,3室1厅,119.85,南北,精装,低楼层(共16层),2013年,马坡,41302,495.0,4.1301627033792245
575,顺义区,金汉绿港四区 ,3室1厅,106.13,东南,精装,顶层(共20层),2011年,顺义城,44097,468.0,4.409686233864129
576,顺义区,前进花园玉兰苑 ,2室1厅,96.79,南北,精装,中楼层(共11层),2007年,顺义城,40191,389.0,4.019010228329373
577,顺义区,裕龙五区 ,3室1厅,146.21,南北,精装,中楼层(共5层),2003年,顺义城,42747,625.0,4.274673414951097
578,顺义区,空港吉祥花园 ,3室2厅,98.19,南北,精装,低楼层(共11层),2007年,后沙峪,49496,486.0,4.949587534372136
579,顺义区,港馨家园东区 ,2室1厅,85.09,南北,简装,低楼层(共6层),2007年,顺义城,33494,285.0,3.3493947584910093
580,顺义区,西辛南区 ,2室1厅,59.24,南,精装,中楼层(共6层),1996年,顺义城,41864,248.0,4.186360567184335
581,顺义区,万科四季花城 ,2室1厅,95.13,南,精装,中楼层(共9层),2008年,顺义城,43099,410.0,4.30989172711027
582,顺义区,万科四季花城 ,3室1厅,92.91,南北,精装,低楼层(共15层),2010年,顺义城,50372,468.0,5.037132709073297
583,顺义区,中粮祥云国际生活区 ,2室2厅,108.8,南,精装,中楼层(共14层),2013年,后沙峪,55056,599.0,5.505514705882353
584,顺义区,金汉绿港五区 ,2室1厅,76.05,南,精装,低楼层(共18层),2010年,顺义城,46680,355.0,4.667981591058514
585,顺义区,南竺园 ,2室1厅,58.85,南北,精装,顶层(共6层),1994年,首都机场,36704,216.0,3.6703483432455393
586,顺义区,万科城市花园 ,3室2厅,108.2,南北,简装,低楼层(共3层),1996年,后沙峪,44825,485.0,4.482439926062846
587,顺义区,阳光水岸 ,2室1厅,62.05,南北,简装,低楼层(共9层),2009年,顺义城,44803,278.0,4.480257856567285
588,顺义区,胜利小区 ,2室1厅,56.29,南北,精装,顶层(共6层),1991年,顺义城,42459,239.0,4.245869603837272
589,顺义区,鲁能7号院颐景溪园 ,3室2厅,117.66,南北,精装,低楼层(共15层),2012年,马坡,40456,476.0,4.045554988951215
590,顺义区,鲁能7号院颐景溪园 ,3室2厅,118.86,南北,毛坯,高楼层(共15层),2012年,马坡,39795,473.0,3.97947164731617
591,顺义区,东方太阳城 ,3室2厅,128.02,南北,简装,中楼层(共4层),2004年,顺义其它,35776,458.0,3.57756600531167
592,顺义区,香花畦家园 ,3室2厅,141.37,南北,精装,低楼层(共8层),2006年,后沙峪,44494,629.0,4.449317394072293
593,顺义区,东兴一区 ,1室1厅,73.48,南北,精装,中楼层(共6层),1995年,顺义城,38923,286.0,3.8922155688622753
594,顺义区,东兴一区 ,2室1厅,72.21,南北,简装,顶层(共6层),1994年,顺义城,36976,267.0,3.6975488159534695
595,顺义区,万科城市花园 ,2室1厅,81.37,南北,精装,低楼层(共3层),1995年,后沙峪,48544,395.0,4.854368932038835
596,顺义区,江山赋 ,2室1厅,95.83,南北,精装,低楼层(共9层),2013年,后沙峪,58229,558.0,5.822811228216634
597,顺义区,东方太阳城 ,3室2厅,136.32,南北,精装,低楼层(共6层),2009年,顺义其它,36972,504.0,3.6971830985915495
598,顺义区,空港吉祥花园 ,2室1厅,88.38,南北,简装,低楼层(共11层),2007年,后沙峪,42431,375.0,4.243041412084182
599,房山区,首开熙悦山澜庭 ,2室1厅,69.74,南,简装,高楼层(共21层),2016年,长阳,44451,310.0,4.445081732147979
600,房山区,金地朗悦朗园 ,3室1厅,89.31,南北,简装,中楼层(共8层),2011年,良乡,45908,410.0,4.590751315642145
601,房山区,中粮万科长阳半岛 ,2室1厅,87.51,南,精装,中楼层(共15层),2016年,长阳,46852,410.0,4.6851788367043765
602,房山区,长阳半岛怡和南路10号院 ,3室1厅,102.56,南北,精装,中楼层(共11层),2015年,长阳,46315,475.0,4.631435257410296
603,房山区,长阳半岛4号院 ,3室1厅,95.92,南北,精装,高楼层(共9层),2013年,长阳,49000,470.0,4.899916597164303
604,房山区,原香小镇二区 ,2室1厅,88.77,南北,简装,底层(共6层),2010年,长阳,50130,445.0,5.012954827081221
605,房山区,加州水郡三期 ,1室1厅,56.47,东北,精装,中楼层(共15层),2009年,长阳,41438,234.0,4.143793164512131
606,房山区,鸿顺园西区 ,2室1厅,89.79,南北,简装,中楼层(共6层),2003年,良乡,32409,291.0,3.2408954226528564
607,房山区,北潞春家园 ,2室1厅,89.73,东南,简装,低楼层(共6层),2000年,良乡,27973,251.0,2.797280731082135
608,房山区,首开熙悦山熹园1号院 ,2室1厅,83.13,南,精装,中楼层(共21层),2013年,长阳,41622,346.0,4.162155659809937
609,房山区,加州水郡三期 ,2室1厅,84.57,南北,精装,高楼层(共15层),2009年,长阳,30508,258.0,3.050727208229869
610,房山区,长阳半岛2号院 ,2室1厅,87.65,南北,精装,中楼层(共28层),2011年,长阳,42214,370.0,4.221334854535082
611,房山区,西潞园二里 ,2室1厅,59.35,南西北,简装,高楼层(共7层),1994年,良乡,34541,205.0,3.454085930918281
612,房山区,首创新悦都 ,2室1厅,75.49,南北,精装,中楼层(共18层),2012年,长阳,41066,310.0,4.106504172738111
613,房山区,长阳国际城三区 ,3室1厅,89.31,南北,精装,中楼层(共15层),2012年,长阳,39750,355.0,3.974918822080394
614,房山区,瑞雪春堂 ,2室1厅,71.69,南,简装,中楼层(共15层),2007年,良乡,37384,268.0,3.7383177570093458
615,房山区,加州水郡四期 ,2室1厅,87.62,西南,简装,中楼层(共15层),2011年,长阳,32641,286.0,3.264094955489614
616,房山区,长阳国际城三区 ,3室1厅,88.81,南北,简装,中楼层(共15层),2012年,长阳,42225,375.0,4.22249746650152
617,房山区,碧桂园小区C区 ,2室2厅,92.37,南北,精装,低楼层(共11层),2007年,长阳,31937,295.0,3.19367760095269
618,房山区,加州水郡三期 ,2室1厅,87.46,南西北,精装,顶层(共14层),2009年,长阳,30414,266.0,3.0413903498742285
619,房山区,瑞雪春堂 ,1室0厅,57.43,南,简装,低楼层(共15层),2010年,良乡,39875,229.0,3.987462998432875
620,房山区,芭蕾雨悦都南区 ,3室1厅,91.86,南北,毛坯,高楼层(共9层),2012年,长阳,43545,400.0,4.354452427607228
621,房山区,碧桂园小区C区 ,3室1厅,117.35,南北,精装,顶层(共9层),2006年,长阳,29826,350.0,2.982530890498509
622,房山区,加州水郡四期 ,1室1厅,58.87,西北,简装,中楼层(共11层),2011年,长阳,39070,230.0,3.9069135383047393
623,房山区,首创新悦都 ,2室1厅,75.56,南北,精装,中楼层(共18层),2012年,长阳,42219,319.0,4.221810481736369
624,房山区,加州水郡四期 ,2室1厅,86.1,南,精装,低楼层(共15层),2011年,长阳,33915,292.0,3.391405342624855
625,房山区,芭蕾雨悦都南区 ,3室1厅,89.72,南北,精装,9层,2012年,长阳,43358,389.0,4.335711101203745
626,房山区,长阳国际城一区 ,2室1厅,78.83,南,精装,高楼层(共20层),2012年,长阳,43766,345.0,4.376506406190536
627,房山区,国际花园 ,2室1厅,76.53,南北,简装,高楼层(共18层),2014年,长阳,40899,313.0,4.089899385861753
628,房山区,首开熙悦山熹园1号院 ,2室1厅,83.13,南,精装,中楼层(共21层),2013年,长阳,41742,347.0,4.174185011427884
629,房山区,徜徉嘉园5号院 ,3室1厅,111.14,南西北,精装,高楼层(共19层),2012年,长阳,43909,488.0,4.390858376822027
630,房山区,鸿顺园东区 ,1室1厅,37.43,西北,简装,中楼层(共7层),2003年,良乡,49693,186.0,4.969275981832754
631,房山区,鸿顺园西区 ,2室1厅,90.17,南北,简装,中楼层(共6层),2003年,良乡,31718,286.0,3.1717866252633913
632,房山区,佳世苑小区 ,2室1厅,97.57,南北,简装,底层(共6层),2003年,良乡,30645,299.0,3.064466536845342
633,房山区,伟业嘉园西里 ,1室1厅,53.47,南,精装,底层(共5层),2005年,良乡,41145,220.0,4.114456704694221
634,房山区,徜徉嘉园6号院 ,3室1厅,92.17,南北,精装,中楼层(共11层),2014年,长阳,48064,443.0,4.806336118042747
635,房山区,北潞春家园 ,3室1厅,106.03,东北,精装,高楼层(共10层),2000年,良乡,24616,261.0,2.4615674809016315
636,房山区,加州水郡四期 ,1室1厅,57.65,西北,精装,中楼层(共11层),2011年,长阳,40764,235.0,4.076322636600174
637,房山区,碧桂园小区C区 ,1室1厅,67.68,南北,精装,中楼层(共16层),2007年,长阳,36939,250.0,3.6938534278959807
638,房山区,国际花园 ,3室1厅,89.69,南北,精装,低楼层(共18层),2014年,长阳,39804,357.0,3.980376853606868
639,房山区,长阳国际城一区 ,3室1厅,88.91,南北,精装,高楼层(共20层),2012年,长阳,42628,379.0,4.262737599820043
640,房山区,罗府家园 ,3室1厅,97.51,东西,精装,中楼层(共12层),2005年,良乡,30561,298.0,3.0560968105835298
641,房山区,西潞园四里 ,3室1厅,77.23,南北,简装,中楼层(共7层),1995年,良乡,31724,245.0,3.17234235400751
642,房山区,玉竹园 ,2室1厅,78.08,南北,简装,顶层(共6层),2004年,良乡,31507,246.0,3.1506147540983607
643,房山区,金地朗悦沁园 ,3室2厅,126.65,南北,精装,中楼层(共7层),2014年,良乡,41453,525.0,4.145282273983419
644,房山区,翠林漫步 ,2室1厅,87.17,南北,精装,底层(共9层),2011年,长阳,37743,329.0,3.77423425490421
645,房山区,原香小镇一区 ,2室1厅,88.49,南北,精装,高楼层(共10层),2010年,长阳,37180,329.0,3.717934229856481
646,房山区,翠林漫步 ,3室1厅,96.14,南北,精装,低楼层(共11层),2013年,长阳,38382,369.0,3.8381526939879342
647,房山区,长阳半岛3号院 ,2室1厅,86.47,南北,精装,中楼层(共18层),2012年,长阳,45103,390.0,4.510234763501793
648,房山区,西潞园一里 ,2室1厅,65.33,南北,精装,顶层(共6层),1994年,良乡,30599,199.9,3.0598499923465483
649,房山区,佳世苑小区 ,2室1厅,100.09,东南,简装,中楼层(共13层),2011年,良乡,29274,293.0,2.9273653711659504
650,房山区,建邦华庭西区 ,3室1厅,109.85,南北,精装,底层(共9层),2013年,长阳,41421,455.0,4.1420118343195265
651,房山区,伟业嘉园西里 ,3室2厅,126.45,南北,简装,中楼层(共7层),2004年,良乡,27521,348.0,2.752075919335706
652,房山区,昊天温泉家园 ,2室1厅,79.65,南西北,简装,底层(共6层),2001年,良乡,25989,207.0,2.598870056497175
653,房山区,昊天温泉家园 ,2室1厅,71.76,南北,简装,中楼层(共6层),1996年,良乡,31355,225.0,3.135451505016722
654,房山区,佳世苑小区 ,2室1厅,96.23,南北,精装,中楼层(共14层),2011年,良乡,33254,320.0,3.3253663098825728
655,房山区,宜春里 ,2室1厅,61.93,南北,简装,顶层(共6层),1989年,良乡,31003,192.0,3.1002745034716614
656,房山区,新里程南区二期 ,3室1厅,102.58,南北,精装,低楼层(共15层),2015年,良乡,43869,450.0,4.386820042893351
657,房山区,原香小镇一区 ,2室1厅,88.67,南北,精装,顶层(共10层),2010年,长阳,36089,320.0,3.608886883951731
658,房山区,长阳国际城一区 ,2室1厅,81.22,南,精装,高楼层(共20层),2012年,长阳,43340,352.0,4.33390790445703
